booking_id,passenger_key,flight_id,airline,route,source,destination,departure_time,arrival_time,duration_minutes,is_overnight,is_anomaly,booking_date,status,amount,payment_attempts,payment_method,age,gender,birth_year
B1000,b7a33f63db7abfa1,AI192,Air India,MAA-BOM,MAA,BOM,2026-04-20 23:05:41.703,2026-04-21 04:04:41.703,299.0,True,False,2025-06-14 11:37:36.951,CANCELLED,,,,4,M,2022
B1001,a9b279b0299cec07,6F026,IndiGo,BOM-CCU,BOM,CCU,2026-04-20 22:46:42.000,2026-04-21 03:13:42.000,267.0,True,False,2025-11-02 11:37:36.951,CANCELLED,,,,82,F,1944
B1002,9fb5f23aa8f77b5b,SJ010,SpiceJet,CCU-MAA,CCU,MAA,2026-04-20 23:38:41.701,2026-04-21 02:32:41.701,174.0,True,False,2025-08-25 11:37:36.951,CANCELLED,8593.08,2.0,NETBANKING,62,F,1964
B1003,fe1860e5bf8099b9,AI069,Air India,DEL-BOM,DEL,BOM,2026-04-20 22:43:41.702,2026-04-21 02:29:41.702,226.0,True,False,2025-12-30 11:37:36.951,CONFIRMED,,,,60,M,1966
B1004,b76e6dbd79df9425,UK003,Vistara,HYD-DEL,HYD,DEL,2026-04-20 21:41:41.700,2026-04-21 02:19:41.700,278.0,True,False,2025-10-02 11:37:36.951,PENDING,12222.48,1.0,UPI,33,F,1993
B1005,25341d27044dff05,AI048,Air India,CCU-DEL,CCU,DEL,2026-04-20 22:23:41.701,2026-04-21 02:15:41.701,232.0,True,False,2025-08-31 11:37:36.951,CONFIRMED,13378.9,1.0,UPI,52,F,1974
B1006,8cd29d5a81ca1336,AI140,Air India,BOM-DEL,BOM,DEL,2026-04-20 22:25:41.702,2026-04-21 02:08:41.702,223.0,True,False,2025-06-29 11:37:36.951,CANCELLED,14980.37,1.0,NETBANKING,58,M,1968
B1007,ce77f066939cae50,UK167,Vistara,DEL-MAA,DEL,MAA,2026-04-20 22:45:41.703,2026-04-21 01:46:41.703,181.0,True,False,2026-03-12 11:37:36.951,CONFIRMED,,,,87,M,1939
B1008,7c2a8033f6bac7ae,AI245,Air India,BOM-CCU,BOM,CCU,2026-04-20 23:07:41.704,2026-04-21 01:43:41.704,156.0,True,False,2025-09-07 11:37:36.951,PENDING,,,,40,F,1986
B1009,1f33cbaf8cebdb6a,SJ158,SpiceJet,DEL-HYD,DEL,HYD,2026-04-20 23:05:41.703,2026-04-21 01:24:41.703,139.0,True,False,2025-04-28 11:37:36.951,CANCELLED,,,,34,M,1992
B1010,f80fa50f72557e34,AI155,Air India,BOM-CCU,BOM,CCU,2026-04-20 23:35:41.703,2026-04-21 01:23:41.703,108.0,True,False,2025-11-24 11:37:36.951,CONFIRMED,8158.17,1.0,NETBANKING,79,F,1947
B1011,2173e6d64138239b,AI179,Air India,HYD-BOM,HYD,BOM,2026-04-20 20:41:41.703,2026-04-21 01:19:41.703,278.0,True,False,2025-10-25 11:37:36.951,CONFIRMED,2115.18,1.0,CARD,60,F,1966
B1012,5cf622c8be7a9359,AI137,Air India,BOM-DEL,BOM,DEL,2026-04-20 22:49:41.702,2026-04-21 01:17:41.702,148.0,True,False,2025-08-15 11:37:36.951,PENDING,31727.655000000002,4.0,CARD,3,F,2023
B1013,39c4100a95c84e21,SJ001,SpiceJet,BOM-MAA,BOM,MAA,2026-04-20 20:28:41.700,2026-04-21 01:15:41.700,287.0,True,False,2025-07-20 11:37:36.951,CONFIRMED,1176.33,1.0,UPI,62,F,1964
B1014,01bd5401265f79d8,SJ172,SpiceJet,CCU-DEL,CCU,DEL,2026-04-20 21:58:41.703,2026-04-21 01:14:41.703,196.0,True,False,2025-09-15 11:37:36.951,PENDING,,,,19,F,2007
B1015,0fd39e65603066b6,UK094,Vistara,BOM-CCU,BOM,CCU,2026-04-20 23:26:41.702,2026-04-21 01:11:41.702,105.0,True,False,2025-10-21 11:37:36.951,UNKNOWN,19609.66,2.0,CARD,63,F,1963
B1016,84fe86a1b75827d9,UK027,Vistara,BOM-CCU,BOM,CCU,2026-04-20 22:44:41.701,2026-04-21 01:05:41.701,141.0,True,False,2026-01-13 11:37:36.951,CANCELLED,23800.77,2.0,NETBANKING,69,F,1957
B1017,043c8f1455129afa,UK067,Vistara,BOM-CCU,BOM,CCU,2026-04-20 21:36:41.701,2026-04-21 01:02:41.701,206.0,True,False,2026-04-04 11:37:36.951,CONFIRMED,,,,42,M,1984
B1018,adb77317ed82bda0,6F196,IndiGo,CCU-MAA,CCU,MAA,2026-04-20 23:04:41.703,2026-04-21 00:47:41.703,103.0,True,False,2026-03-25 11:37:36.951,CANCELLED,2588.63,1.0,UPI,53,M,1973
B1019,7777b5e5ac0d662f,6F164,IndiGo,BLR-BOM,BLR,BOM,2026-04-20 22:18:41.703,2026-04-21 00:45:41.703,147.0,True,False,2025-07-31 11:37:36.951,CANCELLED,26344.56,3.0,CARD,16,M,2010
B1020,74726c706d2e72f2,SJ112,SpiceJet,HYD-DEL,HYD,DEL,2026-04-20 22:20:41.702,2026-04-21 00:40:41.702,140.0,True,False,2025-12-06 11:37:36.951,CONFIRMED,8150.35,1.0,NETBANKING,16,M,2010
B1021,e4e76094f5c4b233,6F190,IndiGo,DEL-MAA,DEL,MAA,2026-04-20 20:02:41.703,2026-04-21 00:36:41.703,274.0,True,False,2025-12-07 11:37:36.951,CANCELLED,6949.93,1.0,UPI,36,M,1990
B1022,ce466bd7691e3a4a,AI080,Air India,BOM-HYD,BOM,HYD,2026-04-20 23:03:41.702,2026-04-21 00:35:41.702,92.0,True,False,2026-03-25 11:37:36.951,CONFIRMED,,,,18,M,2008
B1023,6fa08841277824ba,6F213,IndiGo,BLR-BOM,BLR,BOM,2026-04-20 21:05:41.703,2026-04-21 00:32:41.703,207.0,True,False,2026-02-03 11:37:36.951,PENDING,13057.27,1.0,CARD,23,M,2003
B1024,1a48b3a4251584ad,AI115,Air India,MAA-BLR,MAA,BLR,2026-04-20 19:37:41.702,2026-04-21 00:26:41.702,289.0,True,False,2025-06-21 11:37:36.951,PENDING,4857.79,1.0,UPI,24,M,2002
B1025,6a1d8638aea103f4,SJ049,SpiceJet,CCU-DEL,CCU,DEL,2026-04-20 20:26:41.701,2026-04-21 00:26:41.701,240.0,True,False,2026-03-18 11:37:36.951,PENDING,36122.96,3.0,CARD,67,F,1959
B1026,2ee8fd73388615c9,AI058,Air India,BOM-CCU,BOM,CCU,2026-04-20 22:40:41.701,2026-04-21 00:18:41.701,98.0,True,False,2025-06-27 11:37:36.951,CONFIRMED,13204.36,2.0,UPI,75,M,1951
B1027,07655c7ca5877628,UK036,Vistara,CCU-BLR,CCU,BLR,2026-04-20 19:48:41.701,2026-04-21 00:12:41.701,264.0,True,False,2025-07-25 11:37:36.951,CONFIRMED,7503.17,1.0,UPI,1,F,2025
B1028,5a152b427c66a6e0,SJ239,SpiceJet,BOM-CCU,BOM,CCU,2026-04-20 22:24:41.704,2026-04-21 00:10:41.704,106.0,True,False,2025-05-25 11:37:36.951,CANCELLED,,,,39,M,1987
B1029,7d7e17eef95a38c0,6F025,IndiGo,BLR-BOM,BLR,BOM,2026-04-20 23:02:41.701,2026-04-20 23:57:41.701,55.0,False,False,2025-06-06 11:37:36.951,CANCELLED,,,,28,F,1998
B1030,b71000b2a3ea71c4,6F236,IndiGo,BOM-DEL,BOM,DEL,2026-04-20 20:35:41.704,2026-04-20 23:54:41.704,199.0,False,False,2026-03-18 11:37:36.951,CANCELLED,,,,2,M,2024
B1031,60b34c8d8894916b,AI060,Air India,DEL-HYD,DEL,HYD,2026-04-20 21:58:41.701,2026-04-20 23:51:41.701,113.0,False,False,2025-11-16 11:37:36.951,CANCELLED,7056.42,1.0,CARD,45,F,1981
B1032,5ffe99c9aaff6c9d,UK021,Vistara,HYD-MAA,HYD,MAA,2026-04-20 22:00:41.701,2026-04-20 23:50:41.701,110.0,False,False,2025-09-03 11:37:36.951,CANCELLED,,,,33,F,1993
B1033,c64c34d52be07069,UK026,Vistara,HYD-MAA,HYD,MAA,2026-04-20 21:38:41.701,2026-04-20 23:44:41.701,126.0,False,False,2025-05-06 11:37:36.951,UNKNOWN,24799.95,3.0,UPI,83,F,1943
B1034,963f576f8c7a9b12,SJ179,SpiceJet,DEL-HYD,DEL,HYD,2026-04-20 20:09:41.703,2026-04-20 23:39:41.703,210.0,False,False,2025-12-31 11:37:36.951,CONFIRMED,,,,24,M,2002
B1035,94f01d9ac88fa3ea,6F251,IndiGo,DEL-BLR,DEL,BLR,2026-04-20 22:56:41.703,2026-04-20 23:37:41.703,41.0,False,False,2025-08-21 11:37:36.951,PENDING,,,,78,M,1948
B1036,6a47e1a8a354668f,SJ149,SpiceJet,HYD-MAA,HYD,MAA,2026-04-20 21:20:41.702,2026-04-20 23:20:42.000,120.00496666666666,False,False,2025-11-24 11:37:36.951,PENDING,5144.89,1.0,CARD,32,M,1994
B1037,f85e5b122a903549,AI188,Air India,CCU-HYD,CCU,HYD,2026-04-20 20:16:41.703,2026-04-20 23:02:41.703,166.0,False,False,2026-03-20 11:37:36.951,PENDING,,,,69,F,1957
B1038,e6caeb3d409e8308,SJ093,SpiceJet,BLR-BOM,BLR,BOM,2026-04-20 21:55:41.702,2026-04-20 23:01:41.702,66.0,False,False,2026-01-01 11:37:36.951,PENDING,,,,58,M,1968
B1039,d62bb7c845831e35,SJ205,SpiceJet,HYD-CCU,HYD,CCU,2026-04-20 21:56:41.703,2026-04-20 23:00:41.703,64.0,False,False,2025-08-21 11:37:36.951,CONFIRMED,24656.690000000002,3.0,CARD,57,M,1969
B1040,e2738d37986bcf31,6F099,IndiGo,MAA-DEL,MAA,DEL,2026-04-20 22:24:41.702,2026-04-20 22:59:41.702,35.0,False,False,2025-08-08 11:37:36.951,CONFIRMED,,,,57,F,1969
B1041,6b7677bb1b2b0fb0,UK176,Vistara,HYD-BLR,HYD,BLR,2026-04-20 18:41:41.703,2026-04-20 22:49:41.703,248.0,False,False,2025-05-28 11:37:36.951,CONFIRMED,23580.18,2.0,NETBANKING,51,F,1975
B1042,474709604c35efb6,UK200,Vistara,CCU-DEL,CCU,DEL,2026-04-20 20:54:41.703,2026-04-20 22:45:41.703,111.0,False,False,2025-12-02 11:37:36.951,CANCELLED,14402.39,1.0,CARD,6,F,2020
B1043,d04b76820d75d21e,6F195,IndiGo,CCU-DEL,CCU,DEL,2026-04-20 21:44:41.703,2026-04-20 22:39:41.703,55.0,False,False,2025-11-22 11:37:36.951,CANCELLED,8291.6,1.0,UPI,8,M,2018
B1044,5b2bd44efe594ba4,6F174,IndiGo,DEL-HYD,DEL,HYD,2026-04-20 21:36:41.703,2026-04-20 22:16:41.703,40.0,False,False,2026-04-12 11:37:36.951,PENDING,1199.88,1.0,UPI,35,M,1991
B1045,807f14fd79b71e6e,SJ214,SpiceJet,BOM-MAA,BOM,MAA,2026-04-20 20:54:41.703,2026-04-20 22:10:41.703,76.0,False,False,2026-03-19 11:37:36.951,UNKNOWN,14890.380000000001,3.0,NETBANKING,44,M,1982
B1046,653a305b31078855,UK059,Vistara,HYD-MAA,HYD,MAA,2026-04-20 20:33:41.701,2026-04-20 22:10:41.701,97.0,False,False,2025-10-14 11:37:36.951,CONFIRMED,26282.309999999998,2.0,UPI,34,M,1992
B1047,25fe135679f329f4,6F151,IndiGo,CCU-HYD,CCU,HYD,2026-04-20 19:44:41.703,2026-04-20 22:04:41.703,140.0,False,False,2025-12-29 11:37:36.951,PENDING,,,,47,M,1979
B1048,034fa60c08188a28,SJ236,SpiceJet,MAA-BOM,MAA,BOM,2026-04-20 18:03:41.704,2026-04-20 22:02:41.704,239.0,False,False,2025-09-19 11:37:36.951,PENDING,,,,19,F,2007
B1049,ce466bd7691e3a4a,SJ153,SpiceJet,DEL-CCU,DEL,CCU,2026-04-20 20:37:41.702,2026-04-20 22:00:41.702,83.0,False,False,2025-07-28 11:37:36.951,UNKNOWN,,,,18,M,2008
B1050,d87a472c8b6440e5,AI220,Air India,BOM-DEL,BOM,DEL,2026-04-20 20:19:41.703,2026-04-20 21:57:41.703,98.0,False,False,2026-01-15 11:37:36.951,PENDING,13350.33,1.0,NETBANKING,70,F,1956
B1051,55cdce2660c64897,6F028,IndiGo,HYD-CCU,HYD,CCU,2026-04-20 19:49:41.701,2026-04-20 21:49:41.701,120.0,False,False,2025-07-05 11:37:36.951,CANCELLED,10875.08,1.0,CARD,70,F,1956
B1052,c46c5d3449b5bdb0,UK209,Vistara,MAA-BLR,MAA,BLR,2026-04-20 19:02:41.704,2026-04-20 21:47:41.704,165.0,False,False,2025-12-30 11:37:36.951,CANCELLED,9827.3,1.0,CARD,35,M,1991
B1053,615b7cd79419da91,UK216,Vistara,MAA-HYD,MAA,HYD,2026-04-20 18:33:41.704,2026-04-20 21:47:41.704,194.0,False,False,2026-04-01 11:37:36.951,PENDING,7702.52,2.0,CARD,39,M,1987
B1054,977beb35556da881,AI132,Air India,BLR-BOM,BLR,BOM,2026-04-20 19:32:41.702,2026-04-20 21:41:41.702,129.0,False,False,2026-04-11 11:37:36.951,CANCELLED,,,,2,M,2024
B1055,36b9e4d28b6b920f,6F012,IndiGo,CCU-HYD,CCU,HYD,2026-04-20 18:06:41.701,2026-04-20 21:31:41.701,205.0,False,False,2025-10-14 11:37:36.951,CANCELLED,,,,48,M,1978
B1056,3272f13d0268c9b7,UK173,Vistara,MAA-BLR,MAA,BLR,2026-04-20 17:06:41.703,2026-04-20 21:22:41.703,256.0,False,False,2026-03-24 11:37:36.951,CANCELLED,11199.135,2.0,CARD,13,M,2013
B1057,151ce0ab2a010fa7,SJ047,SpiceJet,HYD-BOM,HYD,BOM,2026-04-20 20:44:41.701,2026-04-20 21:21:41.701,37.0,False,False,2025-08-20 11:37:36.951,CANCELLED,12211.199999999999,2.0,CARD,27,M,1999
B1058,0a908d64db791fe0,SJ043,SpiceJet,MAA-DEL,MAA,DEL,2026-04-20 18:59:41.701,2026-04-20 21:08:41.701,129.0,False,False,2025-12-07 11:37:36.951,PENDING,,,,89,M,1937
B1059,ddc3aa29dc00351a,UK140,Vistara,MAA-BLR,MAA,BLR,2026-04-20 19:37:41.703,2026-04-20 21:00:41.703,83.0,False,False,2026-01-03 11:37:36.951,CONFIRMED,10839.07,1.0,UPI,88,M,1938
B1060,f50b2174255194d4,6F086,IndiGo,MAA-HYD,MAA,HYD,2026-04-20 20:23:41.702,2026-04-20 21:00:41.702,37.0,False,False,2025-12-30 11:37:36.951,CONFIRMED,11681.98,1.0,UPI,2,F,2024
B1061,7f64fb4b9e32dac6,6F114,IndiGo,BOM-MAA,BOM,MAA,2026-04-20 20:10:41.702,2026-04-20 21:00:41.702,50.0,False,False,2026-04-05 11:37:36.951,CANCELLED,31579.800000000003,3.0,NETBANKING,83,M,1943
B1062,23fe2566603a0df2,UK153,Vistara,CCU-HYD,CCU,HYD,2026-04-20 16:52:41.703,2026-04-20 20:53:41.703,241.0,False,False,2025-06-12 11:37:36.951,CANCELLED,,,,47,F,1979
B1063,bab0d866fbb50224,6F149,IndiGo,BLR-CCU,BLR,CCU,2026-04-20 17:57:41.703,2026-04-20 20:42:41.703,165.0,False,False,2025-05-19 11:37:36.951,CANCELLED,,,,64,M,1962
B1064,1419ccf1e1c85a58,UK145,Vistara,BOM-HYD,BOM,HYD,2026-04-20 18:30:41.703,2026-04-20 20:41:41.703,131.0,False,False,2025-09-14 11:37:36.951,CONFIRMED,14413.72,1.0,UPI,46,M,1980
B1065,3d2a93355fa69f33,UK010,Vistara,MAA-HYD,MAA,HYD,2026-04-20 17:53:41.701,2026-04-20 20:40:41.701,167.0,False,False,2026-03-06 11:37:36.951,CANCELLED,,,,18,M,2008
B1066,b4304dd704c256e6,SJ003,SpiceJet,MAA-CCU,MAA,CCU,2026-04-20 19:50:41.701,2026-04-20 20:32:41.701,42.0,False,False,2025-11-05 11:37:36.951,PENDING,,,,27,F,1999
B1067,f24473465d4b8e3f,SJ160,SpiceJet,MAA-BLR,MAA,BLR,2026-04-20 19:45:41.703,2026-04-20 20:30:41.703,45.0,False,False,2025-07-23 11:37:36.951,PENDING,17433.34,3.0,NETBANKING,61,M,1965
B1068,daf47756474ecbb4,UK224,Vistara,CCU-MAA,CCU,MAA,2026-04-20 16:25:41.704,2026-04-20 20:24:41.704,239.0,False,False,2025-11-22 11:37:36.951,PENDING,5274.94,1.0,NETBANKING,89,F,1937
B1069,13e7d0780911ad5f,UK152,Vistara,BOM-CCU,BOM,CCU,2026-04-20 17:24:41.703,2026-04-20 20:13:41.703,169.0,False,False,2025-08-02 11:37:36.951,CONFIRMED,14992.95,1.0,UPI,78,M,1948
B1070,615b7cd79419da91,SJ034,SpiceJet,MAA-BOM,MAA,BOM,2026-04-20 15:20:41.701,2026-04-20 20:11:41.701,291.0,False,False,2025-09-22 11:37:36.951,CANCELLED,5631.13,1.0,NETBANKING,39,M,1987
B1071,69117f49cca0da1f,UK215,Vistara,BOM-DEL,BOM,DEL,2026-04-20 17:38:41.704,2026-04-20 19:50:41.704,132.0,False,False,2025-12-21 11:37:36.951,CANCELLED,,,,15,M,2011
B1072,ac98503d8c4d0b1d,UK089,Vistara,BOM-HYD,BOM,HYD,2026-04-20 15:38:41.702,2026-04-20 19:50:41.702,252.0,False,False,2025-08-10 11:37:36.951,CANCELLED,,,,54,M,1972
B1073,d63ebcb3aa1e421d,6F180,IndiGo,MAA-BLR,MAA,BLR,2026-04-20 15:24:41.703,2026-04-20 19:48:41.703,264.0,False,False,2025-12-04 11:37:36.951,CONFIRMED,,,,28,F,1998
B1074,aa6a74b5ac1bc0ad,6F188,IndiGo,DEL-HYD,DEL,HYD,2026-04-20 14:57:41.703,2026-04-20 19:39:41.703,282.0,False,False,2025-09-25 11:37:36.951,CONFIRMED,,,,42,F,1984
B1075,0d95bd7a5dc21694,UK131,Vistara,BOM-DEL,BOM,DEL,2026-04-20 15:33:41.702,2026-04-20 19:39:41.702,246.0,False,False,2026-01-03 11:37:36.951,CONFIRMED,,,,6,M,2020
B1076,74116e4a759b2f3a,UK055,Vistara,HYD-DEL,HYD,DEL,2026-04-20 16:48:41.701,2026-04-20 19:31:41.701,163.0,False,False,2025-05-04 11:37:36.951,CONFIRMED,8247.5,1.0,CARD,1,F,2025
B1077,afa3e8cda7b15672,UK181,Vistara,MAA-DEL,MAA,DEL,2026-04-20 16:44:41.703,2026-04-20 19:26:41.703,162.0,False,False,2025-05-03 11:37:36.951,PENDING,11261.699999999999,2.0,CARD,61,F,1965
B1078,67c9fbd5141f0e03,6F077,IndiGo,CCU-DEL,CCU,DEL,2026-04-20 14:55:41.702,2026-04-20 19:13:41.702,258.0,False,False,2025-09-21 11:37:36.951,CONFIRMED,,,,36,F,1990
B1079,372ef04e27508ef7,SJ085,SpiceJet,BLR-MAA,BLR,MAA,2026-04-20 14:41:41.702,2026-04-20 19:11:41.702,270.0,False,False,2025-06-03 11:37:36.951,CONFIRMED,,,,70,F,1956
B1080,b68cab785ddc47e4,SJ023,SpiceJet,HYD-MAA,HYD,MAA,2026-04-20 17:27:41.701,2026-04-20 19:09:41.701,102.0,False,False,2025-06-05 11:37:36.951,CONFIRMED,21169.42,2.0,CARD,50,M,1976
B1081,caf0bb1e84f7d524,SJ202,SpiceJet,CCU-HYD,CCU,HYD,2026-04-20 17:21:41.703,2026-04-20 19:08:41.703,107.0,False,False,2025-11-13 11:37:36.951,CANCELLED,,,,35,M,1991
B1082,4497cf09473973f2,SJ150,SpiceJet,BOM-HYD,BOM,HYD,2026-04-20 15:33:41.702,2026-04-20 19:03:41.702,210.0,False,False,2025-09-09 11:37:36.951,CANCELLED,,,,53,M,1973
B1083,6dc13f5d46df97bb,SJ116,SpiceJet,HYD-CCU,HYD,CCU,2026-04-20 17:33:41.702,2026-04-20 19:02:41.702,89.0,False,False,2025-05-12 11:37:36.951,CANCELLED,6777.38,1.0,NETBANKING,30,M,1996
B1084,54c63011fb1402b7,6F270,IndiGo,HYD-MAA,HYD,MAA,2026-04-20 18:14:41.701,2026-04-20 19:02:41.701,48.0,False,False,2025-06-14 11:37:36.951,PENDING,,,,55,F,1971
B1085,28db2e8aee02ec69,UK150,Vistara,DEL-CCU,DEL,CCU,2026-04-20 18:31:41.703,2026-04-20 19:01:41.703,30.0,False,False,2026-03-24 11:37:36.951,PENDING,11410.8,1.0,NETBANKING,73,F,1953
B1086,2f9805d05712092c,SJ237,SpiceJet,BOM-CCU,BOM,CCU,2026-04-20 16:32:41.704,2026-04-20 19:00:41.704,148.0,False,False,2026-02-16 11:37:36.951,CONFIRMED,4873.96,2.0,UPI,21,M,2005
B1087,50c310bbe0fa5283,AI221,Air India,MAA-HYD,MAA,HYD,2026-04-20 16:18:41.703,2026-04-20 18:54:41.703,156.0,False,False,2025-05-08 11:37:36.951,CANCELLED,3191.92,2.0,UPI,51,M,1975
B1088,63f9d29bc325744e,SJ081,SpiceJet,BOM-BLR,BOM,BLR,2026-04-20 17:04:41.702,2026-04-20 18:53:41.702,109.0,False,False,2026-03-25 11:37:36.951,PENDING,7375.1,1.0,UPI,51,F,1975
B1089,ec8fb69406c8141c,UK189,Vistara,BLR-MAA,BLR,MAA,2026-04-20 15:07:41.703,2026-04-20 18:51:41.703,224.0,False,False,2025-09-03 11:37:36.951,CANCELLED,,,,88,F,1938
B1090,aa2c8cdcfaf9ce31,SJ068,SpiceJet,BLR-BOM,BLR,BOM,2026-04-20 16:44:41.701,2026-04-20 18:48:41.701,124.0,False,False,2025-05-16 11:37:36.951,PENDING,,,,81,F,1945
B1091,16356262638e5d35,6F043,IndiGo,BOM-HYD,BOM,HYD,2026-04-20 17:17:41.701,2026-04-20 18:43:41.701,86.0,False,False,2025-08-18 11:37:36.951,PENDING,,,,17,M,2009
B1092,2219858b5b00f5e0,UK187,Vistara,BLR-BOM,BLR,BOM,2026-04-20 16:52:41.703,2026-04-20 18:42:41.703,110.0,False,False,2026-03-18 11:37:36.951,CONFIRMED,15898.93,3.0,NETBANKING,39,M,1987
B1093,74d71b49a22c73f3,UK074,Vistara,BOM-DEL,BOM,DEL,2026-04-20 16:44:41.702,2026-04-20 18:41:41.702,117.0,False,False,2025-05-11 11:37:36.951,CONFIRMED,,,,56,M,1970
B1094,42bbd502bb4c255d,UK004,Vistara,BOM-CCU,BOM,CCU,2026-04-20 17:56:41.700,2026-04-20 18:30:41.700,34.0,False,False,2026-01-07 11:37:36.951,PENDING,17560.29,2.0,CARD,53,F,1973
B1095,2ee8fd73388615c9,6F194,IndiGo,BOM-CCU,BOM,CCU,2026-04-20 16:29:41.703,2026-04-20 18:27:41.703,118.0,False,False,2025-07-30 11:37:36.951,CONFIRMED,,,,75,M,1951
B1096,b5c463d92e934d9f,UK068,Vistara,BLR-MAA,BLR,MAA,2026-04-20 16:28:41.701,2026-04-20 18:09:41.701,101.0,False,False,2026-01-03 11:37:36.951,PENDING,18163.89,2.0,UPI,60,F,1966
B1097,5af647ec76a9cf7c,6F017,IndiGo,CCU-BOM,CCU,BOM,2026-04-20 15:25:41.701,2026-04-20 18:06:41.701,161.0,False,False,2025-08-26 11:37:36.951,UNKNOWN,,,,38,M,1988
B1098,ca411453776a88c8,6F245,IndiGo,CCU-BOM,CCU,BOM,2026-04-20 15:25:41.701,2026-04-20 18:06:41.701,161.0,False,False,2025-10-15 11:37:36.951,UNKNOWN,10455.66,1.0,CARD,2,M,2024
B1099,62bce01a62243ff2,6F254,IndiGo,MAA-BLR,MAA,BLR,2026-04-20 14:26:41.703,2026-04-20 18:01:41.703,215.0,False,False,2025-12-07 11:37:36.951,CONFIRMED,,,,46,F,1980
B1100,d9f88b0174af229a,UK077,Vistara,HYD-BOM,HYD,BOM,2026-04-20 16:22:41.702,2026-04-20 18:00:41.702,98.0,False,False,2026-03-05 11:37:36.951,CONFIRMED,,,,5,M,2021
B1101,70a33b0b0b17786e,AI029,Air India,MAA-DEL,MAA,DEL,2026-04-20 13:29:41.701,2026-04-20 17:53:41.701,264.0,False,False,2025-07-19 11:37:36.951,CONFIRMED,2214.47,1.0,CARD,59,F,1967
B1102,230e83d291456afa,SJ196,SpiceJet,DEL-HYD,DEL,HYD,2026-04-20 14:58:41.703,2026-04-20 17:44:41.703,166.0,False,False,2025-10-06 11:37:36.951,UNKNOWN,24626.690000000002,2.0,CARD,16,M,2010
B1103,afa3e8cda7b15672,AI242,Air India,BLR-CCU,BLR,CCU,2026-04-20 16:41:41.704,2026-04-20 17:43:41.704,62.0,False,False,2025-08-08 11:37:36.951,CANCELLED,14062.55,2.0,NETBANKING,61,F,1965
B1104,1a48b3a4251584ad,AI242,Air India,BLR-CCU,BLR,CCU,2026-04-20 16:41:41.704,2026-04-20 17:43:41.704,62.0,False,False,2025-09-12 11:37:36.951,CANCELLED,,,,24,M,2002
B1105,ae98da9053143b78,SJ044,SpiceJet,DEL-CCU,DEL,CCU,2026-04-20 15:06:41.701,2026-04-20 17:43:41.701,157.0,False,False,2025-09-11 11:37:36.951,CONFIRMED,14294.21,1.0,UPI,52,M,1974
B1106,4c43992e85ee0591,UK063,Vistara,DEL-BOM,DEL,BOM,2026-04-20 16:29:41.701,2026-04-20 17:41:41.701,72.0,False,False,2025-09-01 11:37:36.951,CONFIRMED,7723.56,1.0,UPI,12,F,2014
B1107,afa3e8cda7b15672,AI056,Air India,DEL-MAA,DEL,MAA,2026-04-20 13:44:41.701,2026-04-20 17:39:41.701,235.0,False,False,2025-05-19 11:37:36.951,CONFIRMED,,,,61,F,1965
B1108,67ceaf48b4fa4194,UK207,Vistara,MAA-CCU,MAA,CCU,2026-04-20 16:21:41.703,2026-04-20 17:36:41.703,75.0,False,False,2025-10-11 11:37:36.951,CANCELLED,,,,71,M,1955
B1109,becce0862f94cbd3,UK166,Vistara,HYD-MAA,HYD,MAA,2026-04-20 12:39:41.703,2026-04-20 17:32:41.703,293.0,False,False,2025-12-03 11:37:36.951,CANCELLED,13080.08,1.0,NETBANKING,40,F,1986
B1110,da52950b40f4bfe6,6F261,IndiGo,CCU-DEL,CCU,DEL,2026-04-20 14:31:41.703,2026-04-20 17:29:41.703,178.0,False,False,2025-12-17 11:37:36.951,PENDING,,,,22,M,2004
B1111,6224419ee878b493,UK134,Vistara,HYD-CCU,HYD,CCU,2026-04-20 13:44:41.702,2026-04-20 17:26:41.702,222.0,False,False,2025-12-25 11:37:36.951,CANCELLED,8158.17,1.0,NETBANKING,14,F,2012
B1112,c93c327ddaa46d2b,6F152,IndiGo,CCU-DEL,CCU,DEL,2026-04-20 15:21:41.703,2026-04-20 17:25:41.703,124.0,False,False,2025-10-02 11:37:36.951,PENDING,20662.78,2.0,NETBANKING,88,F,1938
B1113,51866ec285056bc4,SJ089,SpiceJet,HYD-CCU,HYD,CCU,2026-04-20 12:42:41.702,2026-04-20 17:15:41.702,273.0,False,False,2025-11-23 11:37:36.951,CONFIRMED,9457.62,1.0,UPI,7,M,2019
B1114,ab58a0464074945f,6F123,IndiGo,DEL-HYD,DEL,HYD,2026-04-20 15:26:41.702,2026-04-20 17:12:41.702,106.0,False,False,2025-09-26 11:37:36.951,CANCELLED,8187.33,1.0,NETBANKING,60,M,1966
B1115,80fc5d1313394770,AI025,Air India,HYD-DEL,HYD,DEL,2026-04-20 14:46:41.701,2026-04-20 17:11:41.701,145.0,False,False,2025-08-23 11:37:36.951,CONFIRMED,8185.02,1.0,UPI,82,M,1944
B1116,9ee658df559a11dc,6F030,IndiGo,BOM-DEL,BOM,DEL,2026-04-20 14:20:41.701,2026-04-20 17:10:41.701,170.0,False,False,2025-12-05 11:37:36.951,CONFIRMED,9883.49,1.0,NETBANKING,2,M,2024
B1117,bf60742877a37f0e,SJ222,SpiceJet,BOM-DEL,BOM,DEL,2026-04-20 14:15:41.703,2026-04-20 17:09:41.703,174.0,False,False,2025-09-02 11:37:36.951,CONFIRMED,24642.71,2.0,UPI,19,M,2007
B1118,4fe0dd678eb90192,UK109,Vistara,BLR-BOM,BLR,BOM,2026-04-20 16:06:41.702,2026-04-20 17:06:42.000,60.00496666666666,False,False,2026-04-03 11:37:36.951,CONFIRMED,8158.17,1.0,NETBANKING,62,F,1964
B1119,994d28e3ad8e268d,SJ117,SpiceJet,MAA-BLR,MAA,BLR,2026-04-20 13:10:41.702,2026-04-20 17:06:41.702,236.0,False,False,2025-11-25 11:37:36.951,CANCELLED,22268.71,2.0,CARD,24,M,2002
B1120,b36443df5c7d261a,SJ142,SpiceJet,CCU-BOM,CCU,BOM,2026-04-20 15:14:41.702,2026-04-20 16:56:41.702,102.0,False,False,2025-08-12 11:37:36.951,CONFIRMED,10596.745,3.0,UPI,88,M,1938
B1121,ff1ae6066fe7a831,SJ142,SpiceJet,CCU-BOM,CCU,BOM,2026-04-20 15:14:41.702,2026-04-20 16:56:41.702,102.0,False,False,2025-06-01 11:37:36.951,PENDING,,,,42,M,1984
B1122,cfa00f444f6f6e42,AI030,Air India,CCU-HYD,CCU,HYD,2026-04-20 13:33:41.701,2026-04-20 16:52:41.701,199.0,False,False,2025-05-02 11:37:36.951,CANCELLED,,,,53,F,1973
B1123,a60e3cc93e49d913,6F097,IndiGo,BLR-BOM,BLR,BOM,2026-04-20 15:32:41.702,2026-04-20 16:49:41.702,77.0,False,False,2025-09-23 11:37:36.951,CONFIRMED,14525.48,2.0,NETBANKING,81,F,1945
B1124,92a5bba02f85869c,6F129,IndiGo,DEL-CCU,DEL,CCU,2026-04-20 14:28:41.702,2026-04-20 16:47:41.702,139.0,False,False,2025-05-23 11:37:36.951,CANCELLED,23778.945,3.0,UPI,7,M,2019
B1125,3e90210160f59b7a,6F181,IndiGo,BOM-MAA,BOM,MAA,2026-04-20 14:55:41.703,2026-04-20 16:43:41.703,108.0,False,False,2026-01-15 11:37:36.951,PENDING,,,,39,F,1987
B1126,009b617c11bd25ca,AI072,Air India,BLR-CCU,BLR,CCU,2026-04-20 15:34:41.702,2026-04-20 16:32:41.702,58.0,False,False,2025-10-20 11:37:36.951,CONFIRMED,,,,28,F,1998
B1127,2ae1ff42aedc0d36,SJ154,SpiceJet,BLR-HYD,BLR,HYD,2026-04-20 14:47:41.702,2026-04-20 16:26:41.702,99.0,False,False,2025-06-29 11:37:36.951,PENDING,,,,5,F,2021
B1128,a77dcfa62fba0be8,AI031,Air India,DEL-MAA,DEL,MAA,2026-04-20 13:05:41.701,2026-04-20 16:11:41.701,186.0,False,False,2026-04-08 11:37:36.951,CONFIRMED,,,,48,M,1978
B1129,1c368b806026c72d,AI031,Air India,DEL-MAA,DEL,MAA,2026-04-20 13:05:41.701,2026-04-20 16:11:41.701,186.0,False,False,2025-09-18 11:37:36.951,PENDING,12008.51,1.0,UPI,14,M,2012
B1130,d59d5c907e788d87,6F158,IndiGo,CCU-MAA,CCU,MAA,2026-04-20 11:58:41.703,2026-04-20 16:04:41.703,246.0,False,False,2025-12-26 11:37:36.951,CONFIRMED,,,,33,M,1993
B1131,05e017918dde5810,6F184,IndiGo,MAA-BOM,MAA,BOM,2026-04-20 13:05:41.703,2026-04-20 16:04:41.703,179.0,False,False,2025-06-16 11:37:36.951,CANCELLED,3592.91,1.0,UPI,54,F,1972
B1132,40aa43611033238b,UK141,Vistara,HYD-MAA,HYD,MAA,2026-04-20 13:38:41.703,2026-04-20 15:59:41.703,141.0,False,False,2025-06-20 11:37:36.951,CONFIRMED,12401.26,3.0,UPI,42,M,1984
B1133,5541c960dc30e8a9,6F168,IndiGo,HYD-DEL,HYD,DEL,2026-04-20 12:18:41.703,2026-04-20 15:58:41.703,220.0,False,False,2025-12-29 11:37:36.951,CANCELLED,14200.43,2.0,NETBANKING,34,F,1992
B1134,40e0d00370b5c38b,6F051,IndiGo,BLR-BOM,BLR,BOM,2026-04-20 13:58:41.701,2026-04-20 15:58:41.701,120.0,False,False,2025-07-28 11:37:36.951,CONFIRMED,,,,64,M,1962
B1135,8eaea4c0926eada0,6F047,IndiGo,MAA-DEL,MAA,DEL,2026-04-20 13:50:41.701,2026-04-20 15:55:41.701,125.0,False,False,2025-12-02 11:37:36.951,CONFIRMED,10501.09,1.0,CARD,65,F,1961
B1136,74116e4a759b2f3a,UK156,Vistara,MAA-BLR,MAA,BLR,2026-04-20 11:50:41.703,2026-04-20 15:54:41.703,244.0,False,False,2025-10-26 11:37:36.951,PENDING,2857.01,1.0,NETBANKING,1,F,2025
B1137,5a4756d528bb0219,AI094,Air India,DEL-BLR,DEL,BLR,2026-04-20 14:44:41.702,2026-04-20 15:44:42.000,60.00496666666666,False,False,2025-09-01 11:37:36.951,PENDING,10092.76,2.0,UPI,17,F,2009
B1138,1b37f733902fba33,AI038,Air India,HYD-MAA,HYD,MAA,2026-04-20 11:05:41.701,2026-04-20 15:44:41.701,279.0,False,False,2025-07-14 11:37:36.951,PENDING,,,,70,F,1956
B1139,bc53d3a6f336c30d,6F255,IndiGo,DEL-BOM,DEL,BOM,2026-04-20 11:59:41.703,2026-04-20 15:33:41.703,214.0,False,False,2026-01-19 11:37:36.951,CONFIRMED,6016.05,1.0,UPI,55,M,1971
B1140,c3ad1798d3a5e421,SJ025,SpiceJet,BOM-CCU,BOM,CCU,2026-04-20 12:02:41.701,2026-04-20 15:29:41.701,207.0,False,False,2026-01-23 11:37:36.951,CONFIRMED,16472.645,2.0,CARD,78,M,1948
B1141,d92639c3f968df02,SJ185,SpiceJet,BOM-CCU,BOM,CCU,2026-04-20 14:21:41.703,2026-04-20 15:21:41.703,60.0,False,False,2025-10-28 11:37:36.951,CONFIRMED,,,,69,M,1957
B1142,f1015bb029ecdefe,6F259,IndiGo,BOM-DEL,BOM,DEL,2026-04-20 14:10:41.703,2026-04-20 15:21:41.703,71.0,False,False,2026-01-21 11:37:36.951,CANCELLED,4506.21,1.0,CARD,55,M,1971
B1143,34bd581d7f231009,6F073,IndiGo,DEL-CCU,DEL,CCU,2026-04-20 11:38:41.702,2026-04-20 15:18:41.702,220.0,False,False,2026-04-07 11:37:36.951,CANCELLED,6360.73,1.0,NETBANKING,69,M,1957
B1144,1e8cf5fdde3d0d02,AI091,Air India,CCU-MAA,CCU,MAA,2026-04-20 10:52:41.702,2026-04-20 15:15:41.702,263.0,False,False,2025-09-26 11:37:36.951,CONFIRMED,8025.265,1.0,CARD,17,M,2009
B1145,90e7ffb60d77d6ae,6F191,IndiGo,BLR-DEL,BLR,DEL,2026-04-20 14:41:41.703,2026-04-20 15:11:41.703,30.0,False,False,2025-08-23 11:37:36.951,PENDING,,,,87,M,1939
B1146,1caa2f08895da211,UK228,Vistara,DEL-MAA,DEL,MAA,2026-04-20 11:58:41.704,2026-04-20 15:08:41.704,190.0,False,False,2025-08-30 11:37:36.951,PENDING,7723.56,1.0,UPI,89,M,1937
B1147,20e2f8fd67b651c9,6F146,IndiGo,HYD-MAA,HYD,MAA,2026-04-20 13:51:41.703,2026-04-20 15:07:41.703,76.0,False,False,2026-03-25 11:37:36.951,PENDING,,,,76,M,1950
B1148,d58ff723aeb14090,6F068,IndiGo,BLR-HYD,BLR,HYD,2026-04-20 11:17:41.701,2026-04-20 15:06:41.701,229.0,False,False,2025-10-13 11:37:36.951,CONFIRMED,,,,62,F,1964
B1149,88b2a7885c2dbaf7,SJ218,SpiceJet,DEL-HYD,DEL,HYD,2026-04-20 11:58:41.703,2026-04-20 15:03:41.703,185.0,False,False,2026-01-08 11:37:36.951,PENDING,12393.75,2.0,CARD,67,F,1959
B1150,8d5913d8c6b5cf97,UK083,Vistara,DEL-HYD,DEL,HYD,2026-04-20 14:10:41.702,2026-04-20 14:59:41.702,49.0,False,False,2025-09-25 11:37:36.951,CONFIRMED,12535.73,1.0,NETBANKING,77,F,1949
B1151,8d91334638e907d5,SJ007,SpiceJet,BOM-CCU,BOM,CCU,2026-04-20 10:03:41.701,2026-04-20 14:53:41.701,290.0,False,False,2026-01-18 11:37:36.951,CANCELLED,8025.265,1.0,CARD,45,M,1981
B1152,69117f49cca0da1f,AI077,Air India,CCU-HYD,CCU,HYD,2026-04-20 13:45:41.702,2026-04-20 14:51:41.702,66.0,False,False,2025-08-14 11:37:36.951,PENDING,,,,15,M,2011
B1153,4eaf0e3e250e2e28,UK017,Vistara,BLR-HYD,BLR,HYD,2026-04-20 13:14:41.701,2026-04-20 14:49:41.701,95.0,False,False,2025-12-20 11:37:36.951,CANCELLED,5774.24,1.0,NETBANKING,62,F,1964
B1154,d195d7e3505fae7c,6F229,IndiGo,MAA-DEL,MAA,DEL,2026-04-20 13:10:41.704,2026-04-20 14:30:41.704,80.0,False,False,2026-02-17 11:37:36.951,PENDING,9979.51,1.0,UPI,10,M,2016
B1155,8d4db45442c6a44d,6F074,IndiGo,HYD-BOM,HYD,BOM,2026-04-20 11:09:41.702,2026-04-20 14:29:41.702,200.0,False,False,2025-10-08 11:37:36.951,CONFIRMED,,,,20,F,2006
B1156,04b976dfb7f1fa49,SJ088,SpiceJet,CCU-MAA,CCU,MAA,2026-04-20 13:54:41.702,2026-04-20 14:26:41.702,32.0,False,False,2026-03-25 11:37:36.951,CONFIRMED,3413.47,1.0,NETBANKING,3,M,2023
B1157,9d5a10290a36045a,SJ167,SpiceJet,MAA-CCU,MAA,CCU,2026-04-20 13:18:41.703,2026-04-20 14:12:41.703,54.0,False,False,2025-06-28 11:37:36.951,CONFIRMED,7902.25,1.0,NETBANKING,84,M,1942
B1158,289e41e484e21e71,6F234,IndiGo,BOM-DEL,BOM,DEL,2026-04-20 11:20:41.704,2026-04-20 14:11:41.704,171.0,False,False,2025-07-20 11:37:36.951,CONFIRMED,14265.47,1.0,UPI,74,M,1952
B1159,f1d5a95347104802,UK071,Vistara,DEL-HYD,DEL,HYD,2026-04-20 10:50:41.701,2026-04-20 14:06:41.701,196.0,False,False,2025-12-10 11:37:36.951,PENDING,24988.015,3.0,CARD,80,M,1946
B1160,474709604c35efb6,AI178,Air India,CCU-BLR,CCU,BLR,2026-04-20 13:04:41.703,2026-04-20 14:03:41.703,59.0,False,False,2025-11-21 11:37:36.951,CANCELLED,5267.38,1.0,UPI,6,F,2020
B1161,d0969d114511799c,UK104,Vistara,DEL-BOM,DEL,BOM,2026-04-20 12:30:41.702,2026-04-20 13:52:41.702,82.0,False,False,2025-11-14 11:37:36.951,CONFIRMED,24640.24,3.0,CARD,51,M,1975
B1162,e03678a02b1204ff,AI146,Air India,BLR-DEL,BLR,DEL,2026-04-20 10:40:41.702,2026-04-20 13:46:41.702,186.0,False,False,2025-04-22 11:37:36.951,UNKNOWN,,,,49,F,1977
B1163,63bac2a8ea321d4b,SJ235,SpiceJet,BOM-DEL,BOM,DEL,2026-04-20 09:57:41.704,2026-04-20 13:45:41.704,228.0,False,False,2025-11-10 11:37:36.951,CANCELLED,,,,63,M,1963
B1164,dc2c68ea37121feb,6F209,IndiGo,MAA-CCU,MAA,CCU,2026-04-20 08:40:41.703,2026-04-20 13:40:41.703,300.0,False,False,2025-04-24 11:37:36.951,CONFIRMED,2684.77,1.0,UPI,52,F,1974
B1165,a48d4c55a8ea03ec,AI129,Air India,BOM-CCU,BOM,CCU,2026-04-20 10:29:41.702,2026-04-20 13:38:41.702,189.0,False,False,2025-08-20 11:37:36.951,CANCELLED,43097.990000000005,4.0,CARD,59,F,1967
B1166,89f0520a55ade85d,SJ141,SpiceJet,CCU-DEL,CCU,DEL,2026-04-20 10:00:41.702,2026-04-20 13:37:41.702,217.0,False,False,2026-01-23 11:37:36.951,CONFIRMED,5530.81,1.0,NETBANKING,60,M,1966
B1167,4c43992e85ee0591,SJ018,SpiceJet,BOM-CCU,BOM,CCU,2026-04-20 10:58:41.701,2026-04-20 13:31:41.701,153.0,False,False,2026-02-02 11:37:36.951,CANCELLED,27299.79,3.0,NETBANKING,12,F,2014
B1168,10b0d9443b2433c0,UK120,Vistara,HYD-DEL,HYD,DEL,2026-04-20 09:19:41.702,2026-04-20 13:30:41.702,251.0,False,False,2025-10-14 11:37:36.951,CANCELLED,5435.83,1.0,CARD,33,F,1993
B1169,788f14ef7c34efaa,AI078,Air India,DEL-BOM,DEL,BOM,2026-04-20 08:58:41.702,2026-04-20 13:28:41.702,270.0,False,False,2025-11-15 11:37:36.951,CONFIRMED,3795.6,1.0,NETBANKING,50,F,1976
B1170,87d4e92b787b60bd,AI079,Air India,CCU-BLR,CCU,BLR,2026-04-20 11:04:41.702,2026-04-20 13:19:41.702,135.0,False,False,2025-09-14 11:37:36.951,PENDING,,,,27,M,1999
B1171,608dc339016c5b8f,UK087,Vistara,HYD-MAA,HYD,MAA,2026-04-20 09:49:41.702,2026-04-20 13:17:41.702,208.0,False,False,2025-09-19 11:37:36.951,CANCELLED,23311.04,3.0,UPI,47,F,1979
B1172,289086c0be48c132,UK133,Vistara,BOM-DEL,BOM,DEL,2026-04-20 10:04:41.702,2026-04-20 13:16:41.702,192.0,False,False,2026-01-17 11:37:36.951,CONFIRMED,25477.4,3.0,UPI,51,F,1975
B1173,7f8aa28eb731aaf4,AI222,Air India,BOM-DEL,BOM,DEL,2026-04-20 12:10:41.703,2026-04-20 13:14:41.703,64.0,False,False,2025-06-01 11:37:36.951,CANCELLED,7723.56,1.0,UPI,72,F,1954
B1174,b7a33f63db7abfa1,6F049,IndiGo,HYD-DEL,HYD,DEL,2026-04-20 10:00:41.701,2026-04-20 13:13:41.701,193.0,False,False,2026-04-12 11:37:36.951,CANCELLED,8158.17,1.0,NETBANKING,4,M,2022
B1175,f24473465d4b8e3f,6F105,IndiGo,BLR-BOM,BLR,BOM,2026-04-20 11:46:41.702,2026-04-20 12:58:41.702,72.0,False,False,2026-01-29 11:37:36.951,PENDING,10654.9,1.0,UPI,61,M,1965
B1176,45d785644e6696a0,SJ226,SpiceJet,HYD-BOM,HYD,BOM,2026-04-20 08:47:41.704,2026-04-20 12:54:41.704,247.0,False,False,2025-04-17 11:37:36.951,CANCELLED,,,,31,F,1995
B1177,b68cab785ddc47e4,SJ227,SpiceJet,BOM-CCU,BOM,CCU,2026-04-20 08:32:41.704,2026-04-20 12:53:41.704,261.0,False,False,2025-07-29 11:37:36.951,CANCELLED,12412.89,1.0,NETBANKING,50,M,1976
B1178,38df7e91c9f5f405,6F034,IndiGo,BOM-DEL,BOM,DEL,2026-04-20 11:53:41.701,2026-04-20 12:49:41.701,56.0,False,False,2026-02-05 11:37:36.951,CONFIRMED,8158.17,1.0,NETBANKING,30,F,1996
B1179,d4f01cc0f15b86f4,SJ078,SpiceJet,DEL-HYD,DEL,HYD,2026-04-20 09:41:41.701,2026-04-20 12:49:41.701,188.0,False,False,2025-10-03 11:37:36.951,CONFIRMED,10619.52,3.0,UPI,15,M,2011
B1180,c94b9a13b8da396b,AI240,Air India,MAA-DEL,MAA,DEL,2026-04-20 10:19:41.704,2026-04-20 12:46:41.704,147.0,False,False,2026-04-10 11:37:36.951,PENDING,,,,54,F,1972
B1181,684c60600dff6c59,SJ002,SpiceJet,DEL-BOM,DEL,BOM,2026-04-20 07:54:41.701,2026-04-20 12:40:41.701,286.0,False,False,2026-03-29 11:37:36.951,CANCELLED,,,,49,F,1977
B1182,c7f5d19f3c952d02,AI044,Air India,MAA-BLR,MAA,BLR,2026-04-20 09:03:41.701,2026-04-20 12:36:41.701,213.0,False,False,2025-08-11 11:37:36.951,CANCELLED,9005.88,1.0,UPI,34,M,1992
B1183,6dc9c3ddcedda8d2,UK076,Vistara,MAA-CCU,MAA,CCU,2026-04-20 08:03:41.702,2026-04-20 12:26:41.702,263.0,False,False,2025-06-22 11:37:36.951,CANCELLED,,,,38,F,1988
B1184,26fb44657fe9e4f4,6F232,IndiGo,MAA-BLR,MAA,BLR,2026-04-20 10:39:41.704,2026-04-20 12:22:41.704,103.0,False,False,2025-08-01 11:37:36.951,PENDING,,,,8,M,2018
B1185,8cb51630da31750e,SJ228,SpiceJet,BOM-CCU,BOM,CCU,2026-04-20 08:29:41.704,2026-04-20 12:16:41.704,227.0,False,False,2025-08-16 11:37:36.951,CANCELLED,13080.31,1.0,CARD,8,M,2018
B1186,7e2399f3becb7828,SJ074,SpiceJet,DEL-CCU,DEL,CCU,2026-04-20 11:21:41.701,2026-04-20 12:02:41.701,41.0,False,False,2026-04-04 11:37:36.951,CONFIRMED,,,,48,F,1978
B1187,ddd423ff25a1f7e3,UK229,Vistara,HYD-DEL,HYD,DEL,2026-04-20 07:40:41.704,2026-04-20 11:57:41.704,257.0,False,False,2025-08-04 11:37:36.951,PENDING,6625.76,1.0,NETBANKING,9,F,2017
B1188,97a18e5b4817a431,AI208,Air India,BLR-BOM,BLR,BOM,2026-04-20 08:38:41.703,2026-04-20 11:52:41.703,194.0,False,False,2026-04-04 11:37:36.951,CONFIRMED,,,,43,F,1983
B1189,474709604c35efb6,AI019,Air India,BOM-CCU,BOM,CCU,2026-04-20 10:49:41.701,2026-04-20 11:51:41.701,62.0,False,False,2025-11-23 11:37:36.951,CONFIRMED,,,,6,F,2020
B1190,d06682e5593a083e,6F029,IndiGo,BOM-BLR,BOM,BLR,2026-04-20 07:31:41.701,2026-04-20 11:45:41.701,254.0,False,False,2025-05-23 11:37:36.951,PENDING,,,,6,F,2020
B1191,868db1233c29218a,6F018,IndiGo,DEL-BLR,DEL,BLR,2026-04-20 10:57:41.701,2026-04-20 11:43:41.701,46.0,False,False,2025-04-27 11:37:36.951,CONFIRMED,,,,48,M,1978
B1192,ecb6e31aa8a573e7,AI059,Air India,CCU-DEL,CCU,DEL,2026-04-20 09:16:41.701,2026-04-20 11:43:41.701,147.0,False,False,2025-06-23 11:37:36.951,CANCELLED,7723.56,1.0,UPI,26,M,2000
B1193,ddd423ff25a1f7e3,AI159,Air India,HYD-BLR,HYD,BLR,2026-04-20 09:23:41.703,2026-04-20 11:36:41.703,133.0,False,False,2025-05-22 11:37:36.951,PENDING,,,,9,F,2017
B1194,2efc5c65b1321026,6F091,IndiGo,BLR-CCU,BLR,CCU,2026-04-20 10:10:41.702,2026-04-20 11:36:41.702,86.0,False,False,2025-07-11 11:37:36.951,CONFIRMED,,,,24,M,2002
B1195,77a179487713423d,6F084,IndiGo,CCU-HYD,CCU,HYD,2026-04-20 10:34:41.702,2026-04-20 11:34:42.000,60.00496666666666,False,False,2025-07-20 11:37:36.951,CANCELLED,19224.28,2.0,CARD,22,F,2004
B1196,9287d5330540bc55,UK170,Vistara,BOM-BLR,BOM,BLR,2026-04-20 09:42:41.703,2026-04-20 11:32:41.703,110.0,False,False,2026-01-15 11:37:36.951,CANCELLED,,,,4,F,2022
B1197,c4fc623d7eb73c80,UK212,Vistara,HYD-MAA,HYD,MAA,2026-04-20 10:46:41.704,2026-04-20 11:31:41.704,45.0,False,False,2025-05-19 11:37:36.951,CONFIRMED,8876.86,1.0,CARD,66,M,1960
B1198,de4057e09e485536,SJ022,SpiceJet,DEL-BLR,DEL,BLR,2026-04-20 07:56:41.701,2026-04-20 11:07:41.701,191.0,False,False,2025-06-16 11:37:36.951,UNKNOWN,1830.32,1.0,CARD,66,F,1960
B1199,684c60600dff6c59,SJ075,SpiceJet,MAA-BLR,MAA,BLR,2026-04-20 09:26:41.701,2026-04-20 11:03:41.701,97.0,False,False,2025-12-13 11:37:36.951,PENDING,13499.52,2.0,CARD,49,F,1977
B1200,085a78fdb757c595,UK177,Vistara,DEL-HYD,DEL,HYD,2026-04-20 06:21:41.703,2026-04-20 10:50:41.703,269.0,False,False,2025-09-17 11:37:36.951,CONFIRMED,30813.57,3.0,NETBANKING,4,F,2022
B1201,83bb439c2ec73365,UK206,Vistara,MAA-BLR,MAA,BLR,2026-04-20 06:01:41.703,2026-04-20 10:34:41.703,273.0,False,False,2026-02-01 11:37:36.951,CANCELLED,7338.75,1.0,CARD,60,M,1966
B1202,fabac1e35199d070,UK079,Vistara,DEL-BLR,DEL,BLR,2026-04-20 06:43:41.702,2026-04-20 10:34:41.702,231.0,False,False,2025-04-29 11:37:36.951,CANCELLED,1973.12,1.0,UPI,3,F,2023
B1203,6d221731af99da37,UK040,Vistara,HYD-CCU,HYD,CCU,2026-04-20 09:15:41.701,2026-04-20 10:32:41.701,77.0,False,False,2025-06-21 11:37:36.951,CONFIRMED,12774.63,1.0,NETBANKING,25,M,2001
B1204,2434ee302adb9515,AI034,Air India,DEL-BOM,DEL,BOM,2026-04-20 05:48:41.701,2026-04-20 10:31:41.701,283.0,False,False,2025-07-25 11:37:36.951,CONFIRMED,14106.07,1.0,CARD,12,F,2014
B1205,997f542722cf4936,UK034,Vistara,DEL-BLR,DEL,BLR,2026-04-20 06:47:41.701,2026-04-20 10:11:41.701,204.0,False,False,2025-10-18 11:37:36.951,CONFIRMED,10452.65,1.0,UPI,63,F,1963
B1206,5ef654e1102dd4c6,AI088,Air India,MAA-DEL,MAA,DEL,2026-04-20 06:34:41.702,2026-04-20 10:10:41.702,216.0,False,False,2025-07-02 11:37:36.951,CONFIRMED,,,,39,M,1987
B1207,f1015bb029ecdefe,AI128,Air India,BOM-CCU,BOM,CCU,2026-04-20 06:07:41.702,2026-04-20 10:03:41.702,236.0,False,False,2025-06-11 11:37:36.951,PENDING,10823.99,1.0,CARD,55,M,1971
B1208,3fbe348c2bcc2234,SJ052,SpiceJet,MAA-BLR,MAA,BLR,2026-04-20 08:20:41.701,2026-04-20 09:57:41.701,97.0,False,False,2025-07-22 11:37:36.951,UNKNOWN,22071.57,2.0,CARD,61,M,1965
B1209,e39085fd149f7210,AI233,Air India,BLR-BOM,BLR,BOM,2026-04-20 08:04:41.704,2026-04-20 09:52:41.704,108.0,False,False,2025-12-15 11:37:36.951,PENDING,10307.2,1.0,NETBANKING,86,M,1940
B1210,5a152b427c66a6e0,AI012,Air India,BOM-CCU,BOM,CCU,2026-04-20 05:44:41.701,2026-04-20 09:47:41.701,243.0,False,False,2026-01-20 11:37:36.951,PENDING,,,,39,M,1987
B1211,fc55ac80e0975327,AI084,Air India,BOM-HYD,BOM,HYD,2026-04-20 08:31:41.702,2026-04-20 09:46:41.702,75.0,False,False,2025-07-07 11:37:36.951,CONFIRMED,,,,61,M,1965
B1212,b4f0653d398696d0,6F126,IndiGo,CCU-MAA,CCU,MAA,2026-04-20 08:21:41.702,2026-04-20 09:39:41.702,78.0,False,False,2025-07-08 11:37:36.951,PENDING,8421.62,1.0,NETBANKING,55,F,1971
B1213,4a1d2ce66905005c,SJ061,SpiceJet,MAA-BLR,MAA,BLR,2026-04-20 06:38:41.701,2026-04-20 09:35:41.701,177.0,False,False,2025-06-16 11:37:36.951,CONFIRMED,,,,87,F,1939
B1214,a48d4c55a8ea03ec,UK194,Vistara,CCU-BOM,CCU,BOM,2026-04-20 08:26:41.703,2026-04-20 09:26:42.000,60.00495,False,False,2025-08-14 11:37:36.951,UNKNOWN,,,,59,F,1967
B1215,5a7b0e0c1d4c2a9d,AI135,Air India,BLR-BOM,BLR,BOM,2026-04-20 06:40:41.702,2026-04-20 09:21:41.702,161.0,False,False,2025-08-08 11:37:36.951,CANCELLED,11951.15,2.0,NETBANKING,77,M,1949
B1216,80fc5d1313394770,6F238,IndiGo,BOM-DEL,BOM,DEL,2026-04-20 08:31:41.704,2026-04-20 09:19:41.704,48.0,False,False,2025-12-09 11:37:36.951,CONFIRMED,19165.81,3.0,NETBANKING,82,M,1944
B1217,ce466bd7691e3a4a,6F092,IndiGo,MAA-BLR,MAA,BLR,2026-04-20 08:39:41.702,2026-04-20 09:15:41.702,36.0,False,False,2026-03-19 11:37:36.951,CANCELLED,,,,18,M,2008
B1218,1d9e712273ed1921,AI213,Air India,HYD-CCU,HYD,CCU,2026-04-20 08:03:41.703,2026-04-20 09:14:41.703,71.0,False,False,2025-11-13 11:37:36.951,PENDING,,,,43,M,1983
B1219,362b0e11296d7e07,UK193,Vistara,HYD-DEL,HYD,DEL,2026-04-20 08:39:41.703,2026-04-20 09:14:41.703,35.0,False,False,2026-02-15 11:37:36.951,CANCELLED,,,,40,F,1986
B1220,918797886a81a1db,6F178,IndiGo,BOM-CCU,BOM,CCU,2026-04-20 04:48:41.703,2026-04-20 09:11:41.703,263.0,False,False,2026-04-04 11:37:36.951,PENDING,11075.72,1.0,UPI,5,M,2021
B1221,42c46d7cf18e0e31,AI158,Air India,CCU-DEL,CCU,DEL,2026-04-20 06:04:41.703,2026-04-20 09:01:41.703,177.0,False,False,2026-03-06 11:37:36.951,CONFIRMED,18797.11,2.0,UPI,9,M,2017
B1222,ef8f995fc00d8605,UK208,Vistara,DEL-CCU,DEL,CCU,2026-04-20 03:54:41.704,2026-04-20 08:51:41.704,297.0,False,False,2026-03-30 11:37:36.951,PENDING,,,,36,M,1990
B1223,2e769022e27395a4,6F056,IndiGo,BOM-MAA,BOM,MAA,2026-04-20 07:00:41.701,2026-04-20 08:49:41.701,109.0,False,False,2026-04-09 11:37:36.951,UNKNOWN,1794.08,1.0,UPI,79,M,1947
B1224,8d5913d8c6b5cf97,UK185,Vistara,DEL-MAA,DEL,MAA,2026-04-20 07:31:41.703,2026-04-20 08:48:41.703,77.0,False,False,2025-10-26 11:37:36.951,CONFIRMED,,,,77,F,1949
B1225,b904fa901038a280,AI163,Air India,HYD-MAA,HYD,MAA,2026-04-20 07:45:41.703,2026-04-20 08:46:41.703,61.0,False,False,2026-01-13 11:37:36.951,PENDING,11919.915,2.0,CARD,71,F,1955
B1226,a3c6d0518060dd14,AI112,Air India,DEL-BLR,DEL,BLR,2026-04-20 04:41:41.702,2026-04-20 08:24:41.702,223.0,False,False,2025-08-23 11:37:36.951,CONFIRMED,8968.11,1.0,NETBANKING,6,M,2020
B1227,f9c98b5faf6f5992,AI227,Air India,BLR-MAA,BLR,MAA,2026-04-20 04:31:41.703,2026-04-20 08:17:41.703,226.0,False,False,2025-10-23 11:37:36.951,CANCELLED,8025.265,1.0,CARD,8,F,2018
B1228,7b6b9545f11bbd4e,SJ083,SpiceJet,MAA-BLR,MAA,BLR,2026-04-20 05:13:41.702,2026-04-20 08:17:41.702,184.0,False,False,2026-04-17 11:37:36.951,CONFIRMED,11716.58,2.0,UPI,84,M,1942
B1229,5f85276cb01703e2,UK073,Vistara,BLR-CCU,BLR,CCU,2026-04-20 03:59:41.702,2026-04-20 08:09:41.702,250.0,False,False,2026-02-07 11:37:36.951,CONFIRMED,,,,89,F,1937
B1230,528b034468f2ff71,6F169,IndiGo,BOM-DEL,BOM,DEL,2026-04-20 03:27:41.703,2026-04-20 08:06:41.703,279.0,False,False,2025-04-29 11:37:36.951,PENDING,4531.77,1.0,CARD,73,F,1953
B1231,4678c64d0cedb82f,UK154,Vistara,MAA-HYD,MAA,HYD,2026-04-20 04:00:41.703,2026-04-20 07:57:41.703,237.0,False,False,2026-04-06 11:37:36.951,CANCELLED,11556.42,2.0,UPI,86,F,1940
B1232,528b034468f2ff71,SJ169,SpiceJet,BOM-MAA,BOM,MAA,2026-04-20 03:10:41.703,2026-04-20 07:56:41.703,286.0,False,False,2025-10-06 11:37:36.951,CONFIRMED,,,,73,F,1953
B1233,aa2c8cdcfaf9ce31,6F187,IndiGo,BOM-MAA,BOM,MAA,2026-04-20 03:19:41.703,2026-04-20 07:37:41.703,258.0,False,False,2025-05-13 11:37:36.951,CANCELLED,1617.29,1.0,NETBANKING,81,F,1945
B1234,b71000b2a3ea71c4,UK210,Vistara,DEL-CCU,DEL,CCU,2026-04-20 06:35:41.704,2026-04-20 07:30:41.704,55.0,False,False,2025-11-21 11:37:36.951,CANCELLED,7984.22,1.0,CARD,2,M,2024
B1235,21678d2fff02aa03,6F250,IndiGo,DEL-BLR,DEL,BLR,2026-04-20 03:26:41.701,2026-04-20 07:30:41.701,244.0,False,False,2025-12-23 11:37:36.951,PENDING,9394.91,2.0,CARD,11,M,2015
B1236,ef8f995fc00d8605,AI062,Air India,MAA-DEL,MAA,DEL,2026-04-20 06:49:41.701,2026-04-20 07:25:41.701,36.0,False,False,2025-07-05 11:37:36.951,CONFIRMED,,,,36,M,1990
B1237,aaebfd8c76858576,AI047,Air India,CCU-MAA,CCU,MAA,2026-04-20 06:36:41.701,2026-04-20 07:23:41.701,47.0,False,False,2025-11-16 11:37:36.951,UNKNOWN,,,,30,M,1996
B1238,5a4756d528bb0219,SJ186,SpiceJet,CCU-DEL,CCU,DEL,2026-04-20 05:11:41.703,2026-04-20 07:22:41.703,131.0,False,False,2025-10-20 11:37:36.951,UNKNOWN,3231.46,1.0,UPI,17,F,2009
B1239,3404cd1e5a663310,AI217,Air India,CCU-BLR,CCU,BLR,2026-04-20 04:57:41.703,2026-04-20 07:14:41.703,137.0,False,False,2025-11-17 11:37:36.951,CANCELLED,8821.9,1.0,UPI,32,F,1994
B1240,a65c93c4dbb097af,UK100,Vistara,CCU-BLR,CCU,BLR,2026-04-20 04:40:41.702,2026-04-20 07:12:41.702,152.0,False,False,2025-12-31 11:37:36.951,CONFIRMED,12241.53,1.0,UPI,23,M,2003
B1241,5771e66bd890eac3,UK116,Vistara,CCU-BOM,CCU,BOM,2026-04-20 03:18:41.702,2026-04-20 07:06:41.702,228.0,False,False,2025-12-16 11:37:36.951,CONFIRMED,8158.17,1.0,NETBANKING,80,F,1946
B1242,a2749cc6075e29e5,6F036,IndiGo,CCU-BLR,CCU,BLR,2026-04-20 02:14:41.701,2026-04-20 06:57:41.701,283.0,False,False,2025-12-01 11:37:36.951,CANCELLED,,,,70,F,1956
B1243,1932f295003b45c8,AI175,Air India,BOM-HYD,BOM,HYD,2026-04-20 03:08:41.703,2026-04-20 06:55:41.703,227.0,False,False,2026-01-22 11:37:36.951,CANCELLED,,,,8,M,2018
B1244,f63be589c827e988,UK051,Vistara,HYD-DEL,HYD,DEL,2026-04-20 03:55:41.701,2026-04-20 06:55:41.701,180.0,False,False,2025-08-18 11:37:36.951,CONFIRMED,4953.56,1.0,CARD,22,F,2004
B1245,173d01ac560c3835,6F201,IndiGo,CCU-BOM,CCU,BOM,2026-04-20 02:09:41.703,2026-04-20 06:49:41.703,280.0,False,False,2026-04-17 11:37:36.951,UNKNOWN,3162.91,1.0,CARD,15,F,2011
B1246,7d7e17eef95a38c0,6F230,IndiGo,CCU-BLR,CCU,BLR,2026-04-20 03:34:41.704,2026-04-20 06:47:41.704,193.0,False,False,2026-04-09 11:37:36.951,CONFIRMED,11516.06,1.0,CARD,28,F,1998
B1247,4702c3e499c6bf91,SJ138,SpiceJet,BLR-BOM,BLR,BOM,2026-04-20 05:55:41.702,2026-04-20 06:43:41.702,48.0,False,False,2025-08-13 11:37:36.951,CANCELLED,7658.69,1.0,CARD,86,F,1940
B1248,e62306ee8a9cd290,AI246,Air India,BOM-BLR,BOM,BLR,2026-04-20 03:22:41.704,2026-04-20 06:41:41.704,199.0,False,False,2026-03-04 11:37:36.951,PENDING,,,,33,M,1993
B1249,d57e36c7069ff270,6F179,IndiGo,HYD-MAA,HYD,MAA,2026-04-20 02:25:41.703,2026-04-20 06:40:41.703,255.0,False,False,2025-06-06 11:37:36.951,CANCELLED,5024.44,2.0,NETBANKING,52,M,1974
B1250,e33f5b826b763c7a,6F031,IndiGo,BOM-BLR,BOM,BLR,2026-04-20 02:00:41.701,2026-04-20 06:37:41.701,277.0,False,False,2026-01-28 11:37:36.951,CANCELLED,6497.92,1.0,NETBANKING,3,M,2023
B1251,59c57de4a21771c5,UK015,Vistara,BLR-BOM,BLR,BOM,2026-04-20 04:46:41.701,2026-04-20 06:33:41.701,107.0,False,False,2025-08-30 11:37:36.951,PENDING,6952.65,1.0,UPI,68,F,1958
B1252,e6caeb3d409e8308,UK001,Vistara,CCU-DEL,CCU,DEL,2026-04-20 05:06:41.700,2026-04-20 06:31:41.700,85.0,False,False,2025-04-21 11:37:36.951,CANCELLED,1480.08,1.0,CARD,58,M,1968
B1253,dab31e43684fa865,6F133,IndiGo,MAA-BLR,MAA,BLR,2026-04-20 04:38:41.702,2026-04-20 06:25:41.702,107.0,False,False,2026-02-27 11:37:36.951,CANCELLED,16182.17,2.0,NETBANKING,33,M,1993
B1254,daf47756474ecbb4,6F143,IndiGo,CCU-DEL,CCU,DEL,2026-04-20 02:09:41.702,2026-04-20 06:08:41.702,239.0,False,False,2025-07-22 11:37:36.951,CANCELLED,7723.56,1.0,UPI,89,F,1937
B1255,897e6bae933be77a,UK165,Vistara,DEL-BLR,DEL,BLR,2026-04-20 01:51:41.703,2026-04-20 06:04:41.703,253.0,False,False,2025-09-22 11:37:36.951,CANCELLED,1412.67,1.0,CARD,63,F,1963
B1256,6773e7f1822007d7,6F083,IndiGo,BLR-DEL,BLR,DEL,2026-04-20 05:24:41.702,2026-04-20 06:03:41.702,39.0,False,False,2025-08-10 11:37:36.951,CANCELLED,2040.64,1.0,NETBANKING,80,M,1946
B1257,e47963b850b5c335,AI082,Air India,DEL-CCU,DEL,CCU,2026-04-20 03:19:41.702,2026-04-20 06:01:41.702,162.0,False,False,2025-08-19 11:37:36.951,CANCELLED,13028.65,1.0,NETBANKING,44,M,1982
B1258,1b6119d5aca79181,AI164,Air India,DEL-BLR,DEL,BLR,2026-04-20 03:57:41.703,2026-04-20 05:45:41.703,108.0,False,False,2025-10-28 11:37:36.951,CANCELLED,,,,89,F,1937
B1259,bbd051bc0e751095,SJ155,SpiceJet,DEL-CCU,DEL,CCU,2026-04-20 00:38:41.702,2026-04-20 05:38:41.702,300.0,False,False,2026-01-19 11:37:36.951,CANCELLED,12805.67,1.0,CARD,23,M,2003
B1260,3abaef853c86b3c8,AI189,Air India,CCU-DEL,CCU,DEL,2026-04-20 03:44:41.703,2026-04-20 05:32:41.703,108.0,False,False,2026-01-04 11:37:36.951,CANCELLED,16293.859999999999,3.0,NETBANKING,54,M,1972
B1261,62bce01a62243ff2,SJ057,SpiceJet,BOM-CCU,BOM,CCU,2026-04-20 02:17:41.701,2026-04-20 05:29:41.701,192.0,False,False,2025-12-21 11:37:36.951,CONFIRMED,,,,46,F,1980
B1262,a700b69e07bf518d,SJ198,SpiceJet,CCU-BOM,CCU,BOM,2026-04-20 00:47:41.703,2026-04-20 05:28:41.703,281.0,False,False,2025-05-07 11:37:36.951,CONFIRMED,10619.2,2.0,UPI,25,F,2001
B1263,284027bb6d7290ea,6F122,IndiGo,DEL-BLR,DEL,BLR,2026-04-20 01:44:41.702,2026-04-20 05:28:41.702,224.0,False,False,2026-01-03 11:37:36.951,CANCELLED,12480.9,2.0,UPI,12,M,2014
B1264,38cb3009474acfa5,SJ097,SpiceJet,BOM-CCU,BOM,CCU,2026-04-20 02:37:41.702,2026-04-20 05:27:41.702,170.0,False,False,2026-04-15 11:37:36.951,CONFIRMED,8599.61,2.0,UPI,69,F,1957
B1265,7534ac268a6f081f,UK203,Vistara,BLR-HYD,BLR,HYD,2026-04-20 04:12:41.703,2026-04-20 05:24:41.703,72.0,False,False,2025-08-06 11:37:36.951,PENDING,,,,12,M,2014
B1266,2f823ebed51888ed,UK093,Vistara,HYD-CCU,HYD,CCU,2026-04-20 04:31:41.702,2026-04-20 05:21:41.702,50.0,False,False,2026-01-16 11:37:36.951,CONFIRMED,14431.32,1.0,UPI,18,F,2008
B1267,1fb5d6f01f46827d,AI205,Air India,BLR-BOM,BLR,BOM,2026-04-20 03:26:41.703,2026-04-20 05:14:41.703,108.0,False,False,2025-05-21 11:37:36.951,CANCELLED,16308.98,2.0,UPI,71,F,1955
B1268,8e8a6e1520e87e75,AI102,Air India,CCU-BLR,CCU,BLR,2026-04-20 00:17:41.702,2026-04-20 05:08:41.702,291.0,False,False,2026-01-16 11:37:36.951,UNKNOWN,13289.27,1.0,CARD,8,F,2018
B1269,dbaf09f2b6011e48,6F046,IndiGo,DEL-BLR,DEL,BLR,2026-04-20 01:27:41.701,2026-04-20 05:08:41.701,221.0,False,False,2025-09-06 11:37:36.951,CONFIRMED,21299.7,2.0,CARD,75,M,1951
B1270,cee9881e9ebc648e,SJ017,SpiceJet,DEL-MAA,DEL,MAA,2026-04-20 02:57:41.701,2026-04-20 05:00:41.701,123.0,False,False,2025-06-02 11:37:36.951,UNKNOWN,,,,40,F,1986
B1271,344b4aaae14ead00,6F156,IndiGo,MAA-BOM,MAA,BOM,2026-04-20 02:23:41.703,2026-04-20 04:57:41.703,154.0,False,False,2025-10-20 11:37:36.951,PENDING,12211.33,1.0,NETBANKING,27,M,1999
B1272,a8fe49f029503a2f,AI068,Air India,BOM-BLR,BOM,BLR,2026-04-20 02:48:41.702,2026-04-20 04:48:42.000,120.00496666666666,False,False,2025-07-18 11:37:36.951,PENDING,38156.42,4.0,CARD,59,F,1967
B1273,ed9f1e4abbf59a79,AI150,Air India,BOM-DEL,BOM,DEL,2026-04-20 03:51:41.703,2026-04-20 04:38:41.703,47.0,False,False,2025-06-05 11:37:36.951,UNKNOWN,9142.12,2.0,CARD,75,F,1951
B1274,68a0b515adf34f33,UK008,Vistara,CCU-BLR,CCU,BLR,2026-04-20 03:57:41.701,2026-04-20 04:34:41.701,37.0,False,False,2025-10-15 11:37:36.951,PENDING,8582.34,1.0,NETBANKING,41,F,1985
B1275,9abd4c0c824d59dd,6F166,IndiGo,BOM-CCU,BOM,CCU,2026-04-20 00:03:41.703,2026-04-20 04:33:41.703,270.0,False,False,2025-07-11 11:37:36.951,PENDING,,,,1,M,2025
B1276,dd880b4e802c6ae9,6F177,IndiGo,HYD-MAA,HYD,MAA,2026-04-20 02:03:41.703,2026-04-20 04:25:41.703,142.0,False,False,2025-07-15 11:37:36.951,CONFIRMED,9396.07,1.0,UPI,44,F,1982
B1277,e6b54d1718ec08d9,AI196,Air India,MAA-HYD,MAA,HYD,2026-04-20 02:52:41.703,2026-04-20 04:25:41.703,93.0,False,False,2026-01-19 11:37:36.951,PENDING,,,,51,F,1975
B1278,77a2dc5831696e27,SJ191,SpiceJet,BLR-BOM,BLR,BOM,2026-04-20 03:01:41.703,2026-04-20 04:23:41.703,82.0,False,False,2025-08-09 11:37:36.951,CONFIRMED,,,,58,M,1968
B1279,06bc8d92ee92081a,6F019,IndiGo,BLR-BOM,BLR,BOM,2026-04-20 00:19:41.701,2026-04-20 04:14:41.701,235.0,False,False,2025-05-10 11:37:36.951,UNKNOWN,5467.05,1.0,UPI,36,F,1990
B1280,53b719a70d7ed6f1,AI226,Air India,BLR-HYD,BLR,HYD,2026-04-20 01:19:41.703,2026-04-20 04:08:41.703,169.0,False,False,2026-04-12 11:37:36.951,CONFIRMED,,,,10,M,2016
B1281,25e6bd6410841f6b,SJ207,SpiceJet,DEL-CCU,DEL,CCU,2026-04-20 00:52:41.703,2026-04-20 04:05:41.703,193.0,False,False,2026-01-21 11:37:36.951,CANCELLED,4413.8,1.0,CARD,28,M,1998
B1282,889b6b3d812964a8,AI009,Air India,DEL-CCU,DEL,CCU,2026-04-20 01:31:41.701,2026-04-20 04:05:41.701,154.0,False,False,2025-12-30 11:37:36.951,CANCELLED,,,,32,M,1994
B1283,e07b55070a1918e9,AI103,Air India,BLR-BOM,BLR,BOM,2026-04-20 03:26:41.702,2026-04-20 04:04:41.702,38.0,False,False,2025-05-08 11:37:36.951,UNKNOWN,8606.06,2.0,CARD,44,M,1982
B1284,9ab568d84708584d,SJ127,SpiceJet,BOM-DEL,BOM,DEL,2026-04-20 01:21:41.702,2026-04-20 03:58:41.702,157.0,False,False,2026-02-22 11:37:36.951,CANCELLED,12706.73,2.0,CARD,37,M,1989
B1285,13e7d0780911ad5f,UK188,Vistara,MAA-BLR,MAA,BLR,2026-04-20 02:55:41.703,2026-04-20 03:44:41.703,49.0,False,False,2026-03-26 11:37:36.951,CANCELLED,1207.32,1.0,NETBANKING,78,M,1948
B1286,7cb2fd35cff3cdb5,6F010,IndiGo,DEL-BLR,DEL,BLR,2026-04-19 23:53:41.701,2026-04-20 03:44:41.701,231.0,True,False,2025-09-25 11:37:36.951,UNKNOWN,,,,82,F,1944
B1287,7d0086f0c466fdba,SJ098,SpiceJet,HYD-MAA,HYD,MAA,2026-04-20 03:02:41.702,2026-04-20 03:37:41.702,35.0,False,False,2025-12-13 11:37:36.951,CANCELLED,22303.69,2.0,CARD,57,M,1969
B1288,95c7b1377aa1706b,6F058,IndiGo,BOM-CCU,BOM,CCU,2026-04-20 01:04:41.701,2026-04-20 03:33:41.701,149.0,False,False,2025-12-11 11:37:36.951,PENDING,9254.89,2.0,NETBANKING,10,M,2016
B1289,833f8118db156c37,SJ030,SpiceJet,DEL-HYD,DEL,HYD,2026-04-20 02:36:41.701,2026-04-20 03:19:41.701,43.0,False,False,2026-03-23 11:37:36.951,PENDING,19740.55,2.0,NETBANKING,62,M,1964
B1290,d7109b8afc7e2a0e,UK175,Vistara,BLR-BOM,BLR,BOM,2026-04-19 23:56:41.703,2026-04-20 03:18:41.703,202.0,True,False,2025-07-26 11:37:36.951,CANCELLED,13471.57,1.0,UPI,20,F,2006
B1291,c05182e87b3076c6,SJ108,SpiceJet,BLR-HYD,BLR,HYD,2026-04-20 00:40:41.702,2026-04-20 03:16:41.702,156.0,False,False,2026-04-01 11:37:36.951,PENDING,4129.39,1.0,NETBANKING,1,F,2025
B1292,5541c960dc30e8a9,6F075,IndiGo,BOM-CCU,BOM,CCU,2026-04-19 22:20:41.702,2026-04-20 03:02:41.702,282.0,True,False,2025-08-03 11:37:36.951,CONFIRMED,22109.52,2.0,UPI,34,F,1992
B1293,e62306ee8a9cd290,UK222,Vistara,BOM-CCU,BOM,CCU,2026-04-20 01:22:41.704,2026-04-20 02:57:41.704,95.0,False,False,2025-08-31 11:37:36.951,CONFIRMED,6227.3,1.0,NETBANKING,33,M,1993
B1294,28072ef22e322836,6F250,IndiGo,DEL-BLR,DEL,BLR,2026-04-20 03:26:41.701,2026-04-20 07:30:41.701,244.0,False,False,2025-07-13 11:37:36.951,CANCELLED,,,,3,F,2023
B1295,bb12f5496a2c544c,AI096,Air India,CCU-DEL,CCU,DEL,2026-04-19 21:48:41.702,2026-04-20 02:46:41.702,298.0,True,False,2025-12-29 11:37:36.951,CANCELLED,,,,61,F,1965
B1296,40c686fc82cd5e4d,AI216,Air India,BOM-CCU,BOM,CCU,2026-04-20 01:10:41.703,2026-04-20 02:34:41.703,84.0,False,False,2025-12-23 11:37:36.951,CANCELLED,,,,78,M,1948
B1297,d7e510794335656d,6F193,IndiGo,BOM-MAA,BOM,MAA,2026-04-20 00:34:41.703,2026-04-20 02:32:41.703,118.0,False,False,2026-01-23 11:37:36.951,PENDING,,,,40,M,1986
B1298,86e5ffe84a3a0958,SJ194,SpiceJet,CCU-DEL,CCU,DEL,2026-04-19 22:46:41.703,2026-04-20 02:31:41.703,225.0,True,False,2026-01-02 11:37:36.951,PENDING,,,,35,M,1991
B1299,d0035b50848d1ea8,SJ020,SpiceJet,BLR-BOM,BLR,BOM,2026-04-19 22:18:41.701,2026-04-20 02:27:41.701,249.0,True,False,2025-09-11 11:37:36.951,CONFIRMED,8842.93,1.0,CARD,88,F,1938
B1300,f7d77c5bfbccd941,6F070,IndiGo,HYD-DEL,HYD,DEL,2026-04-19 23:23:41.701,2026-04-20 02:24:41.701,181.0,True,False,2025-06-14 11:37:36.951,PENDING,,,,16,M,2010
B1301,d7e510794335656d,AI051,Air India,MAA-BLR,MAA,BLR,2026-04-20 01:27:41.701,2026-04-20 02:22:41.701,55.0,False,False,2025-09-03 11:37:36.951,CONFIRMED,14671.03,1.0,UPI,40,M,1986
B1302,c43ec1a8e14be44b,UK219,Vistara,BOM-HYD,BOM,HYD,2026-04-19 22:03:41.704,2026-04-20 02:21:41.704,258.0,True,False,2025-12-27 11:37:36.951,PENDING,24221.91,3.0,UPI,45,M,1981
B1303,528b034468f2ff71,AI235,Air India,BLR-HYD,BLR,HYD,2026-04-19 22:45:41.704,2026-04-20 02:12:41.704,207.0,True,False,2025-12-13 11:37:36.951,CONFIRMED,19672.949999999997,2.0,NETBANKING,73,F,1953
B1304,3bda59ad52055493,6F022,IndiGo,MAA-BLR,MAA,BLR,2026-04-19 21:46:41.701,2026-04-20 02:05:41.701,259.0,True,False,2025-12-13 11:37:36.951,UNKNOWN,,,,2,F,2024
B1305,83ae49e3b9b654b5,SJ114,SpiceJet,HYD-DEL,HYD,DEL,2026-04-19 22:42:41.702,2026-04-20 02:02:41.702,200.0,True,False,2025-09-28 11:37:36.951,PENDING,13844.39,1.0,NETBANKING,59,M,1967
B1306,583adc178a863662,SJ076,SpiceJet,DEL-MAA,DEL,MAA,2026-04-19 23:01:41.701,2026-04-20 02:02:41.701,181.0,True,False,2025-12-01 11:37:36.951,CONFIRMED,9753.04,1.0,NETBANKING,17,M,2009
B1307,10b0d9443b2433c0,UK227,Vistara,BOM-HYD,BOM,HYD,2026-04-19 21:57:41.704,2026-04-20 01:47:41.704,230.0,True,False,2026-01-26 11:37:36.951,PENDING,26271.33,2.0,CARD,33,F,1993
B1308,198230cbe14c556d,UK135,Vistara,HYD-DEL,HYD,DEL,2026-04-19 23:50:41.702,2026-04-20 01:43:41.702,113.0,True,False,2025-07-22 11:37:36.951,CANCELLED,21710.67,2.0,UPI,85,F,1941
B1309,e98bfb1bad6fcc1c,AI234,Air India,BOM-MAA,BOM,MAA,2026-04-19 23:50:41.704,2026-04-20 01:34:41.704,104.0,True,False,2025-05-06 11:37:36.951,CONFIRMED,,,,28,F,1998
B1310,e4ac2382841490b3,6F113,IndiGo,BOM-CCU,BOM,CCU,2026-04-19 21:04:41.702,2026-04-20 01:30:41.702,266.0,True,False,2025-08-20 11:37:36.951,PENDING,7370.22,1.0,UPI,72,F,1954
B1311,a6ae8d76918ec95d,SJ206,SpiceJet,DEL-CCU,DEL,CCU,2026-04-19 20:43:41.703,2026-04-20 01:21:41.703,278.0,True,False,2025-11-16 11:37:36.951,PENDING,,,,58,M,1968
B1312,ef5843130e7cccb6,AI015,Air India,BLR-CCU,BLR,CCU,2026-04-19 23:21:41.701,2026-04-20 01:15:41.701,114.0,True,False,2026-03-29 11:37:36.951,UNKNOWN,,,,3,M,2023
B1313,c0873ea85fcdf325,6F260,IndiGo,CCU-DEL,CCU,DEL,2026-04-19 21:51:41.702,2026-04-20 01:14:41.702,203.0,True,False,2025-05-16 11:37:36.951,CANCELLED,,,,53,M,1973
B1314,9abd4c0c824d59dd,AI061,Air India,BOM-CCU,BOM,CCU,2026-04-19 23:31:41.701,2026-04-20 01:02:41.701,91.0,True,False,2025-04-28 11:37:36.951,CONFIRMED,15687.68,2.0,CARD,1,M,2025
B1315,7b6b9545f11bbd4e,6F237,IndiGo,HYD-MAA,HYD,MAA,2026-04-19 21:41:41.704,2026-04-20 00:44:41.704,183.0,True,False,2026-03-26 11:37:36.951,PENDING,,,,84,M,1942
B1316,6c6a283e37779095,SJ099,SpiceJet,MAA-BLR,MAA,BLR,2026-04-19 22:14:41.702,2026-04-20 00:34:41.702,140.0,True,False,2026-01-06 11:37:36.951,PENDING,11302.63,1.0,UPI,89,F,1937
B1317,b6bc9f4634367fb5,SJ146,SpiceJet,HYD-BLR,HYD,BLR,2026-04-19 22:37:41.702,2026-04-20 00:33:41.702,116.0,True,False,2026-02-24 11:37:36.951,CANCELLED,33282.71,3.0,CARD,9,F,2017
B1318,aa6a74b5ac1bc0ad,SJ146,SpiceJet,HYD-BLR,HYD,BLR,2026-04-19 22:37:41.702,2026-04-20 00:33:41.702,116.0,True,False,2025-05-23 11:37:36.951,CANCELLED,4594.77,1.0,UPI,42,F,1984
B1319,ce495309b7cb0568,6F071,IndiGo,DEL-CCU,DEL,CCU,2026-04-19 20:18:41.702,2026-04-20 00:31:41.702,253.0,True,False,2025-05-04 11:37:36.951,CONFIRMED,5359.26,1.0,UPI,12,M,2014
B1320,2434ee302adb9515,6F272,IndiGo,HYD-MAA,HYD,MAA,2026-04-19 23:35:41.702,2026-04-20 00:22:41.702,47.0,True,False,2025-08-13 11:37:36.951,PENDING,22159.09,2.0,CARD,12,F,2014
B1321,b509c2a70ca68f73,SJ029,SpiceJet,HYD-DEL,HYD,DEL,2026-04-19 22:55:41.701,2026-04-20 00:22:41.701,87.0,True,False,2026-02-12 11:37:36.951,PENDING,,,,65,M,1961
B1322,18e547893d0e5a43,UK084,Vistara,MAA-DEL,MAA,DEL,2026-04-19 20:44:41.702,2026-04-20 00:20:41.702,216.0,True,False,2025-07-27 11:37:36.951,CONFIRMED,,,,19,F,2007
B1323,907e784a7dfa4c0b,SJ048,SpiceJet,MAA-BLR,MAA,BLR,2026-04-19 22:43:41.701,2026-04-20 00:19:41.701,96.0,True,False,2026-02-06 11:37:36.951,CONFIRMED,,,,40,F,1986
B1324,d363081dbcba0d45,AI108,Air India,BLR-CCU,BLR,CCU,2026-04-19 21:32:41.702,2026-04-20 00:17:41.702,165.0,True,False,2026-02-04 11:37:36.951,CANCELLED,15568.265,2.0,CARD,14,F,2012
B1325,23a9c74a039215fd,SJ134,SpiceJet,BOM-CCU,BOM,CCU,2026-04-19 19:58:41.702,2026-04-20 00:15:41.702,257.0,True,False,2025-08-11 11:37:36.951,CANCELLED,4503.45,1.0,UPI,29,M,1997
B1326,290fc50fb7ac68a1,UK146,Vistara,BOM-MAA,BOM,MAA,2026-04-19 21:40:41.703,2026-04-20 00:08:41.703,148.0,True,False,2025-10-31 11:37:36.951,CONFIRMED,,,,84,M,1942
B1327,6f16ca6a461bcd67,SJ036,SpiceJet,DEL-HYD,DEL,HYD,2026-04-19 20:24:41.701,2026-04-19 23:54:41.701,210.0,False,False,2025-09-24 11:37:36.951,CONFIRMED,13822.99,1.0,UPI,42,F,1984
B1328,284027bb6d7290ea,6F202,IndiGo,HYD-BLR,HYD,BLR,2026-04-19 20:18:41.703,2026-04-19 23:48:41.703,210.0,False,False,2025-11-01 11:37:36.951,PENDING,,,,12,M,2014
B1329,02404e3619bbef11,UK041,Vistara,HYD-MAA,HYD,MAA,2026-04-19 22:37:41.701,2026-04-19 23:44:41.701,67.0,False,False,2026-02-13 11:37:36.951,CONFIRMED,6401.38,1.0,UPI,19,M,2007
B1330,6773e7f1822007d7,6F078,IndiGo,BOM-CCU,BOM,CCU,2026-04-19 22:04:41.702,2026-04-19 23:37:41.702,93.0,False,False,2025-12-06 11:37:36.951,CONFIRMED,,,,80,M,1946
B1331,bd0a8464f9da41fd,AI097,Air India,HYD-MAA,HYD,MAA,2026-04-19 18:42:41.702,2026-04-19 23:34:41.702,292.0,False,False,2025-07-03 11:37:36.951,PENDING,7131.5,1.0,NETBANKING,33,M,1993
B1332,a5a3e554883a1cd8,UK159,Vistara,CCU-BLR,CCU,BLR,2026-04-19 20:45:41.703,2026-04-19 23:32:41.703,167.0,False,False,2026-01-15 11:37:36.951,CONFIRMED,4183.32,1.0,NETBANKING,49,M,1977
B1333,ef9e620904d2e2f6,UK044,Vistara,BLR-BOM,BLR,BOM,2026-04-19 20:31:41.701,2026-04-19 23:29:41.701,178.0,False,False,2025-09-06 11:37:36.951,CANCELLED,4610.9,2.0,NETBANKING,66,M,1960
B1334,3e4e16cfd6b37e28,6F176,IndiGo,CCU-DEL,CCU,DEL,2026-04-19 20:23:42.000,2026-04-19 23:23:42.000,180.0,False,False,2025-09-27 11:37:36.951,CANCELLED,,,,78,M,1948
B1335,68a0b515adf34f33,SJ221,SpiceJet,MAA-HYD,MAA,HYD,2026-04-19 18:31:41.703,2026-04-19 23:17:41.703,286.0,False,False,2026-02-11 11:37:36.951,PENDING,,,,41,F,1985
B1336,ac98503d8c4d0b1d,6F112,IndiGo,HYD-DEL,HYD,DEL,2026-04-19 21:00:41.702,2026-04-19 23:16:41.702,136.0,False,False,2025-07-03 11:37:36.951,CONFIRMED,,,,54,M,1972
B1337,a8fe49f029503a2f,6F246,IndiGo,HYD-DEL,HYD,DEL,2026-04-19 21:00:41.702,2026-04-19 23:16:41.702,136.0,False,False,2025-10-20 11:37:36.951,UNKNOWN,,,,59,F,1967
B1338,e97c8f10624c53f7,6F014,IndiGo,DEL-MAA,DEL,MAA,2026-04-19 19:42:41.701,2026-04-19 23:15:41.701,213.0,False,False,2026-02-21 11:37:36.951,CANCELLED,,,,54,F,1972
B1339,63f9016499dab8c5,AI237,Air India,BOM-CCU,BOM,CCU,2026-04-19 19:58:41.704,2026-04-19 23:13:41.704,195.0,False,False,2025-09-17 11:37:36.951,CANCELLED,,,,35,M,1991
B1340,344b4aaae14ead00,6F003,IndiGo,HYD-BOM,HYD,BOM,2026-04-19 20:06:41.700,2026-04-19 23:13:41.700,187.0,False,False,2025-12-14 11:37:36.951,CANCELLED,,,,27,M,1999
B1341,82b2a958cb00a27f,6F249,IndiGo,HYD-BOM,HYD,BOM,2026-04-19 20:06:41.700,2026-04-19 23:13:41.700,187.0,False,False,2025-07-04 11:37:36.951,CONFIRMED,17421.41,2.0,NETBANKING,16,M,2010
B1342,788f14ef7c34efaa,UK149,Vistara,MAA-DEL,MAA,DEL,2026-04-19 18:22:41.703,2026-04-19 23:08:41.703,286.0,False,False,2025-04-29 11:37:36.951,CONFIRMED,27161.45,3.0,NETBANKING,50,F,1976
B1343,98ac581c2429d772,SJ163,SpiceJet,DEL-HYD,DEL,HYD,2026-04-19 18:32:41.703,2026-04-19 23:08:41.703,276.0,False,False,2026-03-08 11:37:36.951,CONFIRMED,,,,66,F,1960
B1344,d9f88b0174af229a,SJ243,SpiceJet,BLR-DEL,BLR,DEL,2026-04-19 18:17:41.704,2026-04-19 23:03:41.704,286.0,False,False,2026-03-28 11:37:36.951,CONFIRMED,,,,5,M,2021
B1345,1db956c9f2599758,UK113,Vistara,CCU-DEL,CCU,DEL,2026-04-19 18:34:41.702,2026-04-19 22:58:41.702,264.0,False,False,2025-06-06 11:37:36.951,CANCELLED,,,,63,F,1963
B1346,40c686fc82cd5e4d,AI071,Air India,BOM-MAA,BOM,MAA,2026-04-19 19:55:41.702,2026-04-19 22:58:41.702,183.0,False,False,2025-06-07 11:37:36.951,PENDING,,,,78,M,1948
B1347,a1931ffdfdee3944,6F271,IndiGo,HYD-MAA,HYD,MAA,2026-04-19 19:33:41.702,2026-04-19 22:52:41.702,199.0,False,False,2026-02-07 11:37:36.951,PENDING,12000.54,1.0,CARD,82,M,1944
B1348,b0239ef4b817e7c8,SJ015,SpiceJet,BOM-CCU,BOM,CCU,2026-04-19 21:40:41.701,2026-04-19 22:52:41.701,72.0,False,False,2025-06-05 11:37:36.951,CANCELLED,,,,61,F,1965
B1349,2ae1ff42aedc0d36,UK047,Vistara,BLR-HYD,BLR,HYD,2026-04-19 18:40:41.701,2026-04-19 22:45:41.701,245.0,False,False,2025-11-19 11:37:36.951,CANCELLED,11101.75,1.0,CARD,5,F,2021
B1350,034fa60c08188a28,UK020,Vistara,MAA-BLR,MAA,BLR,2026-04-19 21:23:41.701,2026-04-19 22:38:41.701,75.0,False,False,2026-02-04 11:37:36.951,PENDING,30051.37,3.0,CARD,19,F,2007
B1351,f50f29ff27b832fa,AI122,Air India,BOM-CCU,BOM,CCU,2026-04-19 18:25:41.702,2026-04-19 22:36:41.702,251.0,False,False,2025-09-03 11:37:36.951,PENDING,14687.44,1.0,UPI,85,F,1941
B1352,a152c48b3d06c892,UK223,Vistara,CCU-DEL,CCU,DEL,2026-04-19 21:58:41.704,2026-04-19 22:30:41.704,32.0,False,False,2025-10-20 11:37:36.951,CANCELLED,12219.85,2.0,UPI,42,M,1984
B1353,c0c0723936f777f8,6F148,IndiGo,CCU-BOM,CCU,BOM,2026-04-19 20:23:41.703,2026-04-19 22:30:41.703,127.0,False,False,2025-09-19 11:37:36.951,CANCELLED,,,,23,M,2003
B1354,de4b470188f340ed,SJ162,SpiceJet,DEL-HYD,DEL,HYD,2026-04-19 20:11:41.703,2026-04-19 22:30:41.703,139.0,False,False,2025-12-14 11:37:36.951,CONFIRMED,10023.88,1.0,UPI,76,F,1950
B1355,fa064462a7b60d72,6F127,IndiGo,HYD-BOM,HYD,BOM,2026-04-19 18:27:41.702,2026-04-19 22:28:41.702,241.0,False,False,2026-03-30 11:37:36.951,CONFIRMED,14298.510000000002,2.0,CARD,35,M,1991
B1356,321ec25c4835d09a,AI173,Air India,HYD-DEL,HYD,DEL,2026-04-19 17:36:41.703,2026-04-19 22:27:41.703,291.0,False,False,2025-11-10 11:37:36.951,PENDING,,,,21,F,2005
B1357,a6ab24326f6d3055,6F065,IndiGo,MAA-BLR,MAA,BLR,2026-04-19 19:40:41.701,2026-04-19 22:23:41.701,163.0,False,False,2026-02-05 11:37:36.951,UNKNOWN,6983.72,1.0,UPI,24,M,2002
B1358,9a9e4699d19b11ec,AI053,Air India,CCU-DEL,CCU,DEL,2026-04-19 18:04:41.701,2026-04-19 22:19:41.701,255.0,False,False,2025-06-22 11:37:36.951,PENDING,,,,52,M,1974
B1359,f60bbb503247c26d,AI241,Air India,HYD-BLR,HYD,BLR,2026-04-19 20:11:41.704,2026-04-19 22:18:41.704,127.0,False,False,2025-10-22 11:37:36.951,CONFIRMED,29592.075,4.0,UPI,1,F,2025
B1360,98d28ce0375e9d5d,AI105,Air India,CCU-DEL,CCU,DEL,2026-04-19 20:16:41.702,2026-04-19 22:03:41.702,107.0,False,False,2025-06-15 11:37:36.951,UNKNOWN,,,,47,M,1979
B1361,ea2e0bbe1c9fe30a,AI110,Air India,BOM-CCU,BOM,CCU,2026-04-19 17:07:41.702,2026-04-19 22:00:41.702,293.0,False,False,2025-08-24 11:37:36.951,PENDING,5339.72,1.0,UPI,63,M,1963
B1362,0adf2ae033ad843e,AI252,Air India,HYD-DEL,HYD,DEL,2026-04-19 17:30:41.704,2026-04-19 21:54:41.704,264.0,False,False,2025-10-22 11:37:36.951,CONFIRMED,,,,70,M,1956
B1363,833f8118db156c37,AI149,Air India,BOM-HYD,BOM,HYD,2026-04-19 18:19:41.703,2026-04-19 21:36:41.703,197.0,False,False,2025-12-14 11:37:36.951,CANCELLED,8554.62,1.0,NETBANKING,62,M,1964
B1364,f8e3732504c16a1b,AI224,Air India,DEL-HYD,DEL,HYD,2026-04-19 16:51:41.703,2026-04-19 21:36:41.703,285.0,False,False,2025-09-09 11:37:36.951,PENDING,14123.66,3.0,NETBANKING,9,M,2017
B1365,526c5adaabada1b2,UK158,Vistara,BOM-MAA,BOM,MAA,2026-04-19 20:49:41.703,2026-04-19 21:22:41.703,33.0,False,False,2025-07-03 11:37:36.951,CANCELLED,,,,60,F,1966
B1366,40df815b33908bd8,6F125,IndiGo,BOM-CCU,BOM,CCU,2026-04-19 17:09:41.702,2026-04-19 21:13:41.702,244.0,False,False,2025-05-05 11:37:36.951,CANCELLED,,,,18,M,2008
B1367,fb359ef7aaea5fda,UK164,Vistara,BOM-HYD,BOM,HYD,2026-04-19 16:46:41.703,2026-04-19 21:10:41.703,264.0,False,False,2025-12-14 11:37:36.951,CONFIRMED,10103.08,2.0,UPI,65,F,1961
B1368,46660c47d838ca81,UK007,Vistara,DEL-HYD,DEL,HYD,2026-04-19 18:50:41.701,2026-04-19 21:04:41.701,134.0,False,False,2025-12-26 11:37:36.951,CANCELLED,21921.94,3.0,UPI,2,F,2024
B1369,40e0d00370b5c38b,6F118,IndiGo,CCU-HYD,CCU,HYD,2026-04-19 19:52:41.702,2026-04-19 21:01:41.702,69.0,False,False,2026-03-18 11:37:36.951,PENDING,26128.945,3.0,UPI,64,M,1962
B1370,70a33b0b0b17786e,SJ004,SpiceJet,MAA-DEL,MAA,DEL,2026-04-19 17:52:41.701,2026-04-19 21:01:41.701,189.0,False,False,2026-01-01 11:37:36.951,CANCELLED,16512.64,2.0,UPI,59,F,1967
B1371,8dfcb62db6f25b8c,6F206,IndiGo,DEL-BOM,DEL,BOM,2026-04-19 16:39:41.703,2026-04-19 20:59:41.703,260.0,False,False,2025-09-25 11:37:36.951,CANCELLED,,,,44,M,1982
B1372,23a9c74a039215fd,SJ130,SpiceJet,BOM-DEL,BOM,DEL,2026-04-19 16:53:41.702,2026-04-19 20:53:41.702,240.0,False,False,2025-05-11 11:37:36.951,CANCELLED,10597.220000000001,2.0,CARD,29,M,1997
B1373,807f14fd79b71e6e,SJ070,SpiceJet,MAA-CCU,MAA,CCU,2026-04-19 18:55:41.701,2026-04-19 20:48:41.701,113.0,False,False,2026-02-14 11:37:36.951,CANCELLED,6540.32,1.0,UPI,44,M,1982
B1374,897e6bae933be77a,AI085,Air India,DEL-HYD,DEL,HYD,2026-04-19 15:45:41.702,2026-04-19 20:33:41.702,288.0,False,False,2025-04-24 11:37:36.951,CANCELLED,,,,63,F,1963
B1375,2434ee302adb9515,SJ109,SpiceJet,BOM-DEL,BOM,DEL,2026-04-19 17:24:41.702,2026-04-19 20:28:41.702,184.0,False,False,2025-09-02 11:37:36.951,CONFIRMED,19214.79,2.0,UPI,12,F,2014
B1376,9788ad608ecc0e28,AI168,Air India,DEL-CCU,DEL,CCU,2026-04-19 15:50:41.703,2026-04-19 20:20:41.703,270.0,False,False,2025-08-24 11:37:36.951,PENDING,27641.77,3.0,UPI,46,F,1980
B1377,9381ee99f78ad9ba,UK123,Vistara,BOM-DEL,BOM,DEL,2026-04-19 17:24:41.702,2026-04-19 20:18:41.702,174.0,False,False,2025-10-24 11:37:36.951,CONFIRMED,,,,4,M,2022
B1378,b09bbffe09fcca89,UK110,Vistara,HYD-DEL,HYD,DEL,2026-04-19 15:26:41.702,2026-04-19 20:13:41.702,287.0,False,False,2026-01-16 11:37:36.951,PENDING,14416.01,2.0,CARD,63,M,1963
B1379,b993da37e052c25a,AI206,Air India,CCU-MAA,CCU,MAA,2026-04-19 16:30:41.703,2026-04-19 20:01:41.703,211.0,False,False,2025-11-02 11:37:36.951,PENDING,,,,56,M,1970
B1380,3388b060ced10928,6F007,IndiGo,HYD-MAA,HYD,MAA,2026-04-19 18:55:41.701,2026-04-19 19:54:41.701,59.0,False,False,2026-04-16 11:37:36.951,PENDING,14705.02,1.0,CARD,51,F,1975
B1381,198230cbe14c556d,SJ013,SpiceJet,DEL-MAA,DEL,MAA,2026-04-19 15:25:41.701,2026-04-19 19:54:41.701,269.0,False,False,2025-11-11 11:37:36.951,PENDING,7452.89,1.0,UPI,85,F,1941
B1382,ac6e037a158e4891,UK061,Vistara,BLR-BOM,BLR,BOM,2026-04-19 17:58:41.701,2026-04-19 19:48:41.701,110.0,False,False,2025-09-19 11:37:36.951,PENDING,14862.46,1.0,UPI,57,F,1969
B1383,4bf447dcdcc820bf,AI010,Air India,BOM-HYD,BOM,HYD,2026-04-19 15:00:41.701,2026-04-19 19:48:41.701,288.0,False,False,2025-09-24 11:37:36.951,CANCELLED,,,,40,M,1986
B1384,8060b34372c972f1,AI024,Air India,MAA-BOM,MAA,BOM,2026-04-19 18:38:41.701,2026-04-19 19:45:41.701,67.0,False,False,2025-05-16 11:37:36.951,CONFIRMED,5107.55,1.0,NETBANKING,41,M,1985
B1385,0f86a75bb9eb2431,UK130,Vistara,MAA-BLR,MAA,BLR,2026-04-19 15:36:41.702,2026-04-19 19:43:41.702,247.0,False,False,2025-06-08 11:37:36.951,CONFIRMED,,,,54,F,1972
B1386,1d5c9f643fd2cf09,AI161,Air India,CCU-BOM,CCU,BOM,2026-04-19 16:40:41.703,2026-04-19 19:40:41.703,180.0,False,False,2026-03-12 11:37:36.951,CANCELLED,,,,29,F,1997
B1387,c22133ebc0dc17db,SJ208,SpiceJet,DEL-HYD,DEL,HYD,2026-04-19 18:32:41.703,2026-04-19 19:33:41.703,61.0,False,False,2025-07-23 11:37:36.951,PENDING,,,,23,M,2003
B1388,b76e6dbd79df9425,6F038,IndiGo,HYD-MAA,HYD,MAA,2026-04-19 15:36:41.701,2026-04-19 19:33:41.701,237.0,False,False,2025-09-23 11:37:36.951,UNKNOWN,22550.010000000002,2.0,UPI,33,F,1993
B1389,cca60e64cfe1596e,6F085,IndiGo,HYD-MAA,HYD,MAA,2026-04-19 17:32:41.702,2026-04-19 19:32:42.000,120.00496666666666,False,False,2026-02-22 11:37:36.951,UNKNOWN,8158.17,1.0,NETBANKING,9,F,2017
B1390,7fa1c9c7def87a5d,SJ028,SpiceJet,CCU-BOM,CCU,BOM,2026-04-19 15:04:41.701,2026-04-19 19:32:41.701,268.0,False,False,2026-03-09 11:37:36.951,CANCELLED,,,,56,M,1970
B1391,05e017918dde5810,SJ084,SpiceJet,HYD-MAA,HYD,MAA,2026-04-19 18:31:41.702,2026-04-19 19:30:41.702,59.0,False,False,2025-11-26 11:37:36.951,CONFIRMED,35468.95,3.0,CARD,54,F,1972
B1392,a1931ffdfdee3944,AI139,Air India,HYD-MAA,HYD,MAA,2026-04-19 18:23:41.702,2026-04-19 19:24:41.702,61.0,False,False,2026-03-27 11:37:36.951,CONFIRMED,,,,82,M,1944
B1393,3d09edc600a88d57,UK179,Vistara,DEL-HYD,DEL,HYD,2026-04-19 14:25:41.703,2026-04-19 19:15:41.703,290.0,False,False,2026-04-06 11:37:36.951,PENDING,5252.26,1.0,UPI,22,M,2004
B1394,e98bfb1bad6fcc1c,6F256,IndiGo,BOM-CCU,BOM,CCU,2026-04-19 18:40:41.702,2026-04-19 19:13:41.702,33.0,False,False,2025-07-23 11:37:36.951,PENDING,,,,28,F,1998
B1395,0ce9f752e5c31d92,UK023,Vistara,DEL-MAA,DEL,MAA,2026-04-19 14:15:41.701,2026-04-19 19:03:41.701,288.0,False,False,2026-02-10 11:37:36.951,UNKNOWN,10317.13,1.0,NETBANKING,37,F,1989
B1396,cb6db20b29f75a63,AI039,Air India,MAA-BLR,MAA,BLR,2026-04-19 15:24:41.701,2026-04-19 18:56:41.701,212.0,False,False,2025-08-03 11:37:36.951,UNKNOWN,16199.130000000001,2.0,CARD,52,F,1974
B1397,3d2a93355fa69f33,UK190,Vistara,DEL-BLR,DEL,BLR,2026-04-19 15:49:41.703,2026-04-19 18:53:41.703,184.0,False,False,2026-02-05 11:37:36.951,CANCELLED,3065.33,1.0,NETBANKING,18,M,2008
B1398,99e4ff52b602e586,6F224,IndiGo,DEL-MAA,DEL,MAA,2026-04-19 16:53:41.704,2026-04-19 18:52:41.704,119.0,False,False,2026-02-04 11:37:36.951,PENDING,7148.95,1.0,NETBANKING,3,M,2023
B1399,3850409fde1afad0,UK221,Vistara,CCU-DEL,CCU,DEL,2026-04-19 14:18:41.704,2026-04-19 18:44:41.704,266.0,False,False,2025-05-31 11:37:36.951,PENDING,,,,5,M,2021
B1400,a48d4c55a8ea03ec,SJ107,SpiceJet,BOM-MAA,BOM,MAA,2026-04-19 14:10:41.702,2026-04-19 18:38:41.702,268.0,False,False,2026-04-02 11:37:36.951,CANCELLED,3063.78,1.0,UPI,59,F,1967
B1401,43912b6d79f989a5,UK155,Vistara,MAA-HYD,MAA,HYD,2026-04-19 14:34:41.703,2026-04-19 18:37:41.703,243.0,False,False,2025-04-20 11:37:36.951,UNKNOWN,20849.53,3.0,CARD,49,F,1977
B1402,60b34c8d8894916b,UK183,Vistara,BLR-CCU,BLR,CCU,2026-04-19 17:07:41.703,2026-04-19 18:30:41.703,83.0,False,False,2026-03-21 11:37:36.951,CANCELLED,16058.67,2.0,UPI,45,F,1981
B1403,5371f05dd9234c20,SJ203,SpiceJet,DEL-HYD,DEL,HYD,2026-04-19 16:22:41.703,2026-04-19 18:27:41.703,125.0,False,False,2025-05-08 11:37:36.951,PENDING,,,,1,M,2025
B1404,1e8cf5fdde3d0d02,6F253,IndiGo,MAA-BLR,MAA,BLR,2026-04-19 16:26:41.703,2026-04-19 18:24:41.703,118.0,False,False,2026-03-07 11:37:36.951,UNKNOWN,7473.06,1.0,UPI,17,M,2009
B1405,becce0862f94cbd3,AI100,Air India,CCU-BOM,CCU,BOM,2026-04-19 14:42:41.702,2026-04-19 18:22:41.702,220.0,False,False,2025-08-26 11:37:36.951,PENDING,,,,40,F,1986
B1406,18b15e66f16f00c1,6F140,IndiGo,CCU-HYD,CCU,HYD,2026-04-19 16:30:41.702,2026-04-19 18:21:41.702,111.0,False,False,2025-06-24 11:37:36.951,CONFIRMED,21722.62,2.0,NETBANKING,48,F,1978
B1407,5c048abf5fb1eb0b,UK048,Vistara,MAA-DEL,MAA,DEL,2026-04-19 13:36:41.701,2026-04-19 18:21:41.701,285.0,False,False,2025-08-26 11:37:36.951,CONFIRMED,,,,23,F,2003
B1408,4678c64d0cedb82f,SJ204,SpiceJet,CCU-DEL,CCU,DEL,2026-04-19 16:34:41.703,2026-04-19 18:15:41.703,101.0,False,False,2025-07-29 11:37:36.951,CONFIRMED,7805.42,2.0,NETBANKING,86,F,1940
B1409,620e1b512c229046,UK105,Vistara,CCU-HYD,CCU,HYD,2026-04-19 17:04:41.702,2026-04-19 18:11:41.702,67.0,False,False,2026-03-24 11:37:36.951,CONFIRMED,1095.0,1.0,UPI,33,F,1993
B1410,3fcfbd707d9955f3,AI098,Air India,HYD-MAA,HYD,MAA,2026-04-19 16:01:41.702,2026-04-19 18:11:41.702,130.0,False,False,2026-04-13 11:37:36.951,CONFIRMED,,,,37,M,1989
B1411,8e8a6e1520e87e75,6F013,IndiGo,BOM-CCU,BOM,CCU,2026-04-19 13:15:41.701,2026-04-19 18:05:41.701,290.0,False,False,2025-10-12 11:37:36.951,CANCELLED,13409.029999999999,2.0,NETBANKING,8,F,2018
B1412,fc55ac80e0975327,6F128,IndiGo,HYD-DEL,HYD,DEL,2026-04-19 16:56:41.702,2026-04-19 18:03:41.702,67.0,False,False,2025-11-18 11:37:36.951,CANCELLED,10616.41,1.0,NETBANKING,61,M,1965
B1413,1fb5d6f01f46827d,SJ038,SpiceJet,BLR-DEL,BLR,DEL,2026-04-19 14:57:41.701,2026-04-19 17:46:41.701,169.0,False,False,2025-10-05 11:37:36.951,UNKNOWN,,,,71,F,1955
B1414,0a2c57a0da6a6aa6,SJ182,SpiceJet,CCU-BOM,CCU,BOM,2026-04-19 16:48:41.703,2026-04-19 17:36:41.703,48.0,False,False,2026-01-07 11:37:36.951,CONFIRMED,6182.07,1.0,NETBANKING,25,M,2001
B1415,3272f13d0268c9b7,6F199,IndiGo,DEL-MAA,DEL,MAA,2026-04-19 15:15:41.703,2026-04-19 17:32:41.703,137.0,False,False,2026-03-22 11:37:36.951,PENDING,,,,13,M,2013
B1416,003c573e5ac92cbf,SJ187,SpiceJet,MAA-BLR,MAA,BLR,2026-04-19 14:07:41.703,2026-04-19 17:30:41.703,203.0,False,False,2025-08-17 11:37:36.951,CANCELLED,,,,58,F,1968
B1417,8c800067c6523097,AI182,Air India,HYD-DEL,HYD,DEL,2026-04-19 12:41:41.703,2026-04-19 17:14:41.703,273.0,False,False,2025-08-18 11:37:36.951,PENDING,7252.05,2.0,UPI,53,M,1973
B1418,c53c4b17ffc59bf8,SJ027,SpiceJet,BOM-MAA,BOM,MAA,2026-04-19 12:50:41.701,2026-04-19 17:13:41.701,263.0,False,False,2025-05-04 11:37:36.951,PENDING,12326.46,1.0,CARD,25,M,2001
B1419,2e4e03a32cf11fbb,SJ062,SpiceJet,BLR-HYD,BLR,HYD,2026-04-19 13:37:41.701,2026-04-19 17:06:41.701,209.0,False,False,2026-01-20 11:37:36.951,CONFIRMED,4937.75,2.0,CARD,63,F,1963
B1420,6b209c1db59112bb,SJ161,SpiceJet,MAA-BLR,MAA,BLR,2026-04-19 16:22:41.703,2026-04-19 17:04:41.703,42.0,False,False,2026-02-24 11:37:36.951,CONFIRMED,7161.79,1.0,UPI,77,F,1949
B1421,65e4d0fe8143a55a,UK058,Vistara,MAA-BOM,MAA,BOM,2026-04-19 13:46:41.701,2026-04-19 17:04:41.701,198.0,False,False,2025-10-03 11:37:36.951,UNKNOWN,,,,26,M,2000
B1422,bb12f5496a2c544c,AI181,Air India,MAA-HYD,MAA,HYD,2026-04-19 13:29:41.703,2026-04-19 16:55:41.703,206.0,False,False,2026-01-04 11:37:36.951,CANCELLED,4826.6,1.0,UPI,61,F,1965
B1423,41ea1db4946eafec,AI003,Air India,BLR-HYD,BLR,HYD,2026-04-19 13:27:41.701,2026-04-19 16:55:41.701,208.0,False,False,2025-06-12 11:37:36.951,CONFIRMED,,,,46,M,1980
B1424,3bda59ad52055493,6F150,IndiGo,HYD-MAA,HYD,MAA,2026-04-19 12:55:41.703,2026-04-19 16:53:41.703,238.0,False,False,2025-11-05 11:37:36.951,CANCELLED,,,,2,F,2024
B1425,a89e4a46fc0b391f,SJ175,SpiceJet,MAA-BLR,MAA,BLR,2026-04-19 12:46:41.703,2026-04-19 16:50:41.703,244.0,False,False,2025-06-28 11:37:36.951,CANCELLED,,,,63,M,1963
B1426,a4592435b26a6ed3,6F041,IndiGo,MAA-BOM,MAA,BOM,2026-04-19 13:19:41.701,2026-04-19 16:48:41.701,209.0,False,False,2025-12-15 11:37:36.951,CANCELLED,8025.265,1.0,CARD,4,F,2022
B1427,3e4e16cfd6b37e28,SJ040,SpiceJet,BOM-CCU,BOM,CCU,2026-04-19 13:12:41.701,2026-04-19 16:44:41.701,212.0,False,False,2026-04-15 11:37:36.951,CANCELLED,,,,78,M,1948
B1428,14b514a94787b0a7,6F020,IndiGo,BOM-HYD,BOM,HYD,2026-04-19 14:58:41.701,2026-04-19 16:43:41.701,105.0,False,False,2025-06-17 11:37:36.951,CONFIRMED,,,,48,F,1978
B1429,e5645549656a5900,AI248,Air India,CCU-DEL,CCU,DEL,2026-04-19 15:17:41.704,2026-04-19 16:35:41.704,78.0,False,False,2025-05-08 11:37:36.951,CANCELLED,16937.88,2.0,CARD,39,F,1987
B1430,d072cc335ff97344,SJ016,SpiceJet,HYD-CCU,HYD,CCU,2026-04-19 13:01:41.701,2026-04-19 16:26:41.701,205.0,False,False,2026-02-08 11:37:36.951,CONFIRMED,,,,48,M,1978
B1431,3a63335e05fcaae2,UK204,Vistara,BLR-DEL,BLR,DEL,2026-04-19 14:46:41.703,2026-04-19 16:24:41.703,98.0,False,False,2025-11-21 11:37:36.951,CONFIRMED,22261.949999999997,2.0,NETBANKING,52,M,1974
B1432,1dd7aca36c533d3a,6F211,IndiGo,MAA-BLR,MAA,BLR,2026-04-19 11:29:41.703,2026-04-19 16:20:41.703,291.0,False,False,2025-09-02 11:37:36.951,CANCELLED,,,,24,M,2002
B1433,009b617c11bd25ca,SJ166,SpiceJet,CCU-HYD,CCU,HYD,2026-04-19 12:51:41.703,2026-04-19 16:18:41.703,207.0,False,False,2025-05-07 11:37:36.951,CONFIRMED,15968.93,2.0,CARD,28,F,1998
B1434,9d5a10290a36045a,AI036,Air India,BOM-CCU,BOM,CCU,2026-04-19 14:45:41.701,2026-04-19 16:16:41.701,91.0,False,False,2025-10-19 11:37:36.951,PENDING,5989.29,2.0,UPI,84,M,1942
B1435,f9a5439b865f91aa,SJ215,SpiceJet,CCU-DEL,CCU,DEL,2026-04-19 14:37:41.703,2026-04-19 16:12:41.703,95.0,False,False,2025-09-18 11:37:36.951,CONFIRMED,8589.93,1.0,CARD,29,M,1997
B1436,b1d9dc57987c42d1,AI076,Air India,BLR-BOM,BLR,BOM,2026-04-19 15:37:41.702,2026-04-19 16:12:41.702,35.0,False,False,2026-01-05 11:37:36.951,CONFIRMED,,,,66,M,1960
B1437,2038e7ffcc80f938,SJ012,SpiceJet,HYD-BLR,HYD,BLR,2026-04-19 15:01:41.701,2026-04-19 16:12:41.701,71.0,False,False,2025-11-28 11:37:36.951,CANCELLED,,,,38,M,1988
B1438,6d00fdedbfb251f3,AI073,Air India,BOM-BLR,BOM,BLR,2026-04-19 14:08:41.702,2026-04-19 16:10:41.702,122.0,False,False,2026-04-01 11:37:36.951,UNKNOWN,7670.85,1.0,UPI,17,M,2009
B1439,ecb4c3fcff1e17bf,SJ173,SpiceJet,CCU-HYD,CCU,HYD,2026-04-19 14:27:41.703,2026-04-19 16:09:41.703,102.0,False,False,2025-11-09 11:37:36.951,CONFIRMED,7292.76,1.0,NETBANKING,26,F,2000
B1440,64c9523437d10937,AI193,Air India,MAA-HYD,MAA,HYD,2026-04-19 11:33:41.703,2026-04-19 16:07:41.703,274.0,False,False,2026-03-09 11:37:36.951,CANCELLED,,,,73,F,1953
B1441,44c56da6214a91ac,SJ131,SpiceJet,MAA-HYD,MAA,HYD,2026-04-19 15:00:41.702,2026-04-19 16:07:41.702,67.0,False,False,2025-09-22 11:37:36.951,UNKNOWN,,,,24,F,2002
B1442,3405050fa93eaeb7,AI225,Air India,BOM-BLR,BOM,BLR,2026-04-19 15:05:41.703,2026-04-19 16:01:41.703,56.0,False,False,2025-06-02 11:37:36.951,PENDING,11779.89,1.0,NETBANKING,37,F,1989
B1443,3404cd1e5a663310,AI190,Air India,BOM-CCU,BOM,CCU,2026-04-19 12:38:41.703,2026-04-19 15:56:41.703,198.0,False,False,2025-10-09 11:37:36.951,CANCELLED,7723.56,1.0,UPI,32,F,1994
B1444,6a47e1a8a354668f,SJ238,SpiceJet,MAA-BLR,MAA,BLR,2026-04-19 11:41:41.704,2026-04-19 15:39:41.704,238.0,False,False,2025-12-25 11:37:36.951,CONFIRMED,,,,32,M,1994
B1445,55cdce2660c64897,6F005,IndiGo,BOM-MAA,BOM,MAA,2026-04-19 11:04:41.701,2026-04-19 15:27:41.701,263.0,False,False,2025-12-21 11:37:36.951,PENDING,9862.4,1.0,CARD,70,F,1956
B1446,bfc4053ccef43d29,UK136,Vistara,HYD-CCU,HYD,CCU,2026-04-19 11:43:41.703,2026-04-19 15:26:41.703,223.0,False,False,2025-09-25 11:37:36.951,PENDING,15433.52,3.0,UPI,23,M,2003
B1447,48c0834a9b6ee808,SJ063,SpiceJet,MAA-BOM,MAA,BOM,2026-04-19 13:38:41.701,2026-04-19 15:23:41.701,105.0,False,False,2025-05-21 11:37:36.951,CONFIRMED,18438.66,2.0,NETBANKING,4,F,2022
B1448,3d09edc600a88d57,6F175,IndiGo,MAA-CCU,MAA,CCU,2026-04-19 13:18:41.703,2026-04-19 15:13:41.703,115.0,False,False,2025-11-21 11:37:36.951,CANCELLED,,,,22,M,2004
B1449,a1d2a2f136b0b0f2,AI037,Air India,BOM-BLR,BOM,BLR,2026-04-19 11:14:41.701,2026-04-19 15:13:41.701,239.0,False,False,2025-05-23 11:37:36.951,PENDING,,,,89,M,1937
B1450,b18853d5648ec82a,UK225,Vistara,MAA-BLR,MAA,BLR,2026-04-19 12:46:41.704,2026-04-19 15:02:41.704,136.0,False,False,2025-11-11 11:37:36.951,CONFIRMED,,,,21,F,2005
B1451,c0b3d37d4ed591b4,AI141,Air India,BLR-DEL,BLR,DEL,2026-04-19 10:16:41.702,2026-04-19 14:53:41.702,277.0,False,False,2025-05-20 11:37:36.951,CONFIRMED,10311.86,1.0,CARD,87,F,1939
B1452,44c56da6214a91ac,6F172,IndiGo,BOM-BLR,BOM,BLR,2026-04-19 09:53:41.703,2026-04-19 14:46:41.703,293.0,False,False,2026-01-26 11:37:36.951,PENDING,,,,24,F,2002
B1453,c9dff209184a578e,6F219,IndiGo,MAA-DEL,MAA,DEL,2026-04-19 10:32:41.704,2026-04-19 14:37:41.704,245.0,False,False,2026-02-07 11:37:36.951,CANCELLED,5268.18,2.0,UPI,44,M,1982
B1454,53b719a70d7ed6f1,AI045,Air India,HYD-MAA,HYD,MAA,2026-04-19 11:58:41.701,2026-04-19 14:37:41.701,159.0,False,False,2025-08-16 11:37:36.951,PENDING,,,,10,M,2016
B1455,6f45da05d5f7c294,AI198,Air India,CCU-MAA,CCU,MAA,2026-04-19 10:56:41.703,2026-04-19 14:19:41.703,203.0,False,False,2026-04-12 11:37:36.951,CONFIRMED,27634.5,2.0,UPI,17,F,2009
B1456,1925d7a74ccdc607,AI120,Air India,MAA-CCU,MAA,CCU,2026-04-19 12:12:41.702,2026-04-19 14:18:41.702,126.0,False,False,2025-04-24 11:37:36.951,PENDING,,,,84,M,1942
B1457,159f2646759f3e0f,6F134,IndiGo,BLR-MAA,BLR,MAA,2026-04-19 12:47:41.702,2026-04-19 14:06:41.702,79.0,False,False,2025-06-11 11:37:36.951,CANCELLED,5769.17,1.0,CARD,33,M,1993
B1458,8da3ee1fb9c2c986,UK102,Vistara,HYD-CCU,HYD,CCU,2026-04-19 11:58:41.702,2026-04-19 14:01:41.702,123.0,False,False,2025-11-19 11:37:36.951,CONFIRMED,8073.17,1.0,NETBANKING,62,F,1964
B1459,470473b9916b1b9e,SJ199,SpiceJet,HYD-BOM,HYD,BOM,2026-04-19 11:29:41.703,2026-04-19 13:59:41.703,150.0,False,False,2025-06-10 11:37:36.951,CANCELLED,19085.7,3.0,UPI,19,M,2007
B1460,dac787abc030d22f,6F235,IndiGo,HYD-MAA,HYD,MAA,2026-04-19 11:06:41.704,2026-04-19 13:51:41.704,165.0,False,False,2025-10-01 11:37:36.951,PENDING,,,,72,M,1954
B1461,5771e66bd890eac3,UK065,Vistara,BOM-CCU,BOM,CCU,2026-04-19 09:38:41.701,2026-04-19 13:46:41.701,248.0,False,False,2025-10-14 11:37:36.951,PENDING,30261.46,3.0,NETBANKING,80,F,1946
B1462,dac787abc030d22f,6F135,IndiGo,MAA-HYD,MAA,HYD,2026-04-19 12:59:41.702,2026-04-19 13:45:41.702,46.0,False,False,2025-12-03 11:37:36.951,CANCELLED,6497.79,1.0,CARD,72,M,1954
B1463,b8e6cc46b453c939,SJ148,SpiceJet,DEL-BLR,DEL,BLR,2026-04-19 09:51:41.702,2026-04-19 13:41:41.702,230.0,False,False,2026-02-10 11:37:36.951,PENDING,6844.58,2.0,NETBANKING,61,M,1965
B1464,46460f0248e9edc6,AI083,Air India,DEL-BOM,DEL,BOM,2026-04-19 12:54:41.702,2026-04-19 13:37:41.702,43.0,False,False,2026-03-07 11:37:36.951,CANCELLED,4535.96,1.0,CARD,57,M,1969
B1465,40c53447f702cfd8,UK024,Vistara,MAA-BLR,MAA,BLR,2026-04-19 08:29:41.701,2026-04-19 13:29:41.701,300.0,False,False,2025-07-02 11:37:36.951,PENDING,,,,84,F,1942
B1466,d01afc7e0a4fd199,UK220,Vistara,BLR-BOM,BLR,BOM,2026-04-19 09:51:41.704,2026-04-19 13:25:41.704,214.0,False,False,2025-04-27 11:37:36.951,CANCELLED,,,,4,F,2022
B1467,e2738d37986bcf31,UK115,Vistara,BLR-BOM,BLR,BOM,2026-04-19 11:20:41.702,2026-04-19 13:20:42.000,120.00496666666666,False,False,2025-04-30 11:37:36.951,CANCELLED,13307.54,1.0,CARD,57,F,1969
B1468,20e2f8fd67b651c9,AI255,Air India,MAA-CCU,MAA,CCU,2026-04-19 08:45:41.704,2026-04-19 13:12:41.704,267.0,False,False,2025-07-16 11:37:36.951,CONFIRMED,25336.54,2.0,NETBANKING,76,M,1950
B1469,24e4327b753cf2c8,6F001,IndiGo,HYD-BOM,HYD,BOM,2026-04-19 11:33:41.700,2026-04-19 13:08:41.700,95.0,False,False,2025-12-25 11:37:36.951,CONFIRMED,,,,13,M,2013
B1470,7a23c48f837886ce,6F132,IndiGo,MAA-BOM,MAA,BOM,2026-04-19 12:00:41.702,2026-04-19 13:00:42.000,60.00496666666666,False,False,2025-05-27 11:37:36.951,CANCELLED,,,,89,F,1937
B1471,b479fb5c60d5b6ff,UK184,Vistara,MAA-HYD,MAA,HYD,2026-04-19 10:49:41.703,2026-04-19 13:00:41.703,131.0,False,False,2026-03-28 11:37:36.951,PENDING,,,,63,M,1963
B1472,e102ada1a3461f55,6F098,IndiGo,BLR-MAA,BLR,MAA,2026-04-19 10:18:41.702,2026-04-19 12:49:41.702,151.0,False,False,2025-06-06 11:37:36.951,PENDING,,,,16,M,2010
B1473,897e6bae933be77a,SJ168,SpiceJet,CCU-BOM,CCU,BOM,2026-04-19 08:17:41.703,2026-04-19 12:29:41.703,252.0,False,False,2025-07-19 11:37:36.951,PENDING,,,,63,F,1963
B1474,5fe8c2c3778333d6,SJ178,SpiceJet,BOM-HYD,BOM,HYD,2026-04-19 09:58:41.703,2026-04-19 12:27:41.703,149.0,False,False,2025-07-28 11:37:36.951,CANCELLED,32760.32,3.0,UPI,34,M,1992
B1475,d87a472c8b6440e5,UK111,Vistara,MAA-BLR,MAA,BLR,2026-04-19 11:06:41.702,2026-04-19 12:20:41.702,74.0,False,False,2026-03-07 11:37:36.951,CANCELLED,21399.98,3.0,NETBANKING,70,F,1956
B1476,ac7dd7f4b84dcc07,SJ051,SpiceJet,BOM-BLR,BOM,BLR,2026-04-19 08:40:41.701,2026-04-19 12:18:41.701,218.0,False,False,2026-02-27 11:37:36.951,CANCELLED,,,,60,F,1966
B1477,379f3b2e885a146a,SJ193,SpiceJet,CCU-DEL,CCU,DEL,2026-04-19 09:37:41.703,2026-04-19 12:16:41.703,159.0,False,False,2025-07-06 11:37:36.951,CANCELLED,17403.75,3.0,CARD,49,M,1977
B1478,f033e7f5fe72cced,SJ039,SpiceJet,MAA-BOM,MAA,BOM,2026-04-19 08:41:41.701,2026-04-19 12:08:41.701,207.0,False,False,2026-02-24 11:37:36.951,CONFIRMED,2928.68,1.0,CARD,54,F,1972
B1479,62f2322dddfb79bb,UK066,Vistara,BOM-CCU,BOM,CCU,2026-04-19 10:29:41.701,2026-04-19 12:07:41.701,98.0,False,False,2025-12-17 11:37:36.951,CANCELLED,16478.5,2.0,NETBANKING,3,F,2023
B1480,684c60600dff6c59,SJ050,SpiceJet,HYD-CCU,HYD,CCU,2026-04-19 11:24:41.701,2026-04-19 12:03:41.701,39.0,False,False,2026-03-14 11:37:36.951,PENDING,3112.82,1.0,CARD,49,F,1977
B1481,9052596b86d68ba4,6F052,IndiGo,BOM-CCU,BOM,CCU,2026-04-19 09:13:41.701,2026-04-19 12:02:41.701,169.0,False,False,2025-06-11 11:37:36.951,CONFIRMED,,,,64,M,1962
B1482,917cebe6f073d4ea,SJ170,SpiceJet,BLR-BOM,BLR,BOM,2026-04-19 10:11:41.703,2026-04-19 11:56:41.703,105.0,False,False,2025-08-29 11:37:36.951,PENDING,17749.28,2.0,UPI,54,M,1972
B1483,01bd5401265f79d8,SJ119,SpiceJet,BOM-CCU,BOM,CCU,2026-04-19 08:53:41.702,2026-04-19 11:29:41.702,156.0,False,False,2025-06-09 11:37:36.951,UNKNOWN,10562.26,1.0,CARD,19,F,2007
B1484,92d19a95862973a0,AI219,Air India,BLR-DEL,BLR,DEL,2026-04-19 09:28:41.703,2026-04-19 11:27:41.703,119.0,False,False,2025-05-07 11:37:36.951,CONFIRMED,,,,13,M,2013
B1485,6dc9c3ddcedda8d2,6F220,IndiGo,HYD-BOM,HYD,BOM,2026-04-19 10:27:41.704,2026-04-19 11:25:41.704,58.0,False,False,2025-07-05 11:37:36.951,CANCELLED,,,,38,F,1988
B1486,d01afc7e0a4fd199,AI207,Air India,BOM-MAA,BOM,MAA,2026-04-19 08:24:41.703,2026-04-19 11:23:41.703,179.0,False,False,2025-05-04 11:37:36.951,CONFIRMED,20297.600000000002,3.0,UPI,4,F,2022
B1487,7b6b9545f11bbd4e,6F024,IndiGo,BOM-DEL,BOM,DEL,2026-04-19 07:31:41.701,2026-04-19 11:17:41.701,226.0,False,False,2026-01-26 11:37:36.951,PENDING,,,,84,M,1942
B1488,f35ef32768907e0e,SJ073,SpiceJet,CCU-BLR,CCU,BLR,2026-04-19 09:26:41.701,2026-04-19 11:14:41.701,108.0,False,False,2025-05-04 11:37:36.951,CANCELLED,22623.03,2.0,NETBANKING,66,M,1960
B1489,3664354083728436,SJ201,SpiceJet,BLR-DEL,BLR,DEL,2026-04-19 09:10:41.703,2026-04-19 11:12:41.703,122.0,False,False,2025-07-08 11:37:36.951,CANCELLED,,,,38,F,1988
B1490,7cb2fd35cff3cdb5,AI180,Air India,BOM-CCU,BOM,CCU,2026-04-19 10:19:41.703,2026-04-19 11:00:41.703,41.0,False,False,2026-03-10 11:37:36.951,CONFIRMED,9243.145,2.0,CARD,82,F,1944
B1491,28db2e8aee02ec69,UK022,Vistara,DEL-HYD,DEL,HYD,2026-04-19 06:22:41.701,2026-04-19 10:59:41.701,277.0,False,False,2025-07-16 11:37:36.951,CONFIRMED,6534.99,1.0,UPI,73,F,1953
B1492,788f14ef7c34efaa,AI202,Air India,HYD-BLR,HYD,BLR,2026-04-19 08:44:41.703,2026-04-19 10:53:41.703,129.0,False,False,2026-03-27 11:37:36.951,CANCELLED,,,,50,F,1976
B1493,69a4e34dcb7cb71d,6F212,IndiGo,BLR-CCU,BLR,CCU,2026-04-19 06:10:41.703,2026-04-19 10:52:41.703,282.0,False,False,2025-06-01 11:37:36.952,CONFIRMED,,,,67,M,1959
B1494,bdf4f0e30a48d876,6F163,IndiGo,MAA-BOM,MAA,BOM,2026-04-19 06:49:41.703,2026-04-19 10:46:41.703,237.0,False,False,2025-06-09 11:37:36.952,CANCELLED,,,,63,F,1963
B1495,27cd849213c67da5,UK028,Vistara,HYD-MAA,HYD,MAA,2026-04-19 09:02:41.701,2026-04-19 10:37:41.701,95.0,False,False,2025-10-15 11:37:36.952,CONFIRMED,17491.120000000003,2.0,CARD,85,F,1941
B1496,9b4f1a814b01ba1f,6F243,IndiGo,BOM-HYD,BOM,HYD,2026-04-19 09:37:41.704,2026-04-19 10:33:41.704,56.0,False,False,2026-03-21 11:37:36.952,PENDING,2901.65,1.0,UPI,53,F,1973
B1497,7534ac268a6f081f,AI165,Air India,DEL-CCU,DEL,CCU,2026-04-19 08:51:41.703,2026-04-19 10:31:41.703,100.0,False,False,2025-09-02 11:37:36.952,CONFIRMED,,,,12,M,2014
B1498,a182688ddf451913,UK099,Vistara,BOM-MAA,BOM,MAA,2026-04-19 06:16:41.702,2026-04-19 10:24:41.702,248.0,False,False,2025-07-18 11:37:36.952,PENDING,,,,63,M,1963
B1499,837ced29a90dd980,AI033,Air India,MAA-CCU,MAA,CCU,2026-04-19 05:25:41.701,2026-04-19 10:21:41.701,296.0,False,False,2025-06-17 11:37:36.952,UNKNOWN,,,,18,F,2008
B1500,caf0bb1e84f7d524,UK056,Vistara,HYD-MAA,HYD,MAA,2026-04-19 09:29:41.701,2026-04-19 10:15:41.701,46.0,False,False,2025-04-30 11:37:36.952,CONFIRMED,1303.07,1.0,CARD,35,M,1991
B1501,429b841f2efe6d7b,SJ122,SpiceJet,CCU-BOM,CCU,BOM,2026-04-19 05:22:41.702,2026-04-19 10:09:41.702,287.0,False,False,2025-09-04 11:37:36.952,CANCELLED,35614.0,3.0,CARD,50,M,1976
B1502,970e466618cb847c,AI086,Air India,CCU-HYD,CCU,HYD,2026-04-19 07:13:41.702,2026-04-19 10:09:41.702,176.0,False,False,2025-10-15 11:37:36.952,CONFIRMED,17966.760000000002,2.0,UPI,1,F,2025
B1503,3ea4f933c0dd3035,SJ011,SpiceJet,BOM-MAA,BOM,MAA,2026-04-19 05:14:41.701,2026-04-19 09:59:41.701,285.0,False,False,2025-10-17 11:37:36.952,CONFIRMED,,,,9,M,2017
B1504,498bad80a7430451,SJ021,SpiceJet,HYD-BLR,HYD,BLR,2026-04-19 05:48:41.701,2026-04-19 09:46:41.701,238.0,False,False,2025-04-21 11:37:36.952,PENDING,32259.760000000002,3.0,NETBANKING,45,F,1981
B1505,6c365c94913446e8,SJ106,SpiceJet,CCU-DEL,CCU,DEL,2026-04-19 07:16:41.702,2026-04-19 09:40:41.702,144.0,False,False,2025-11-29 11:37:36.952,CONFIRMED,7472.98,1.0,UPI,87,F,1939
B1506,003c573e5ac92cbf,SJ026,SpiceJet,CCU-MAA,CCU,MAA,2026-04-19 05:22:41.701,2026-04-19 09:40:41.701,258.0,False,False,2026-01-29 11:37:36.952,CANCELLED,,,,58,F,1968
B1507,54c58706274862f0,SJ245,SpiceJet,BOM-DEL,BOM,DEL,2026-04-19 06:07:41.704,2026-04-19 09:39:41.704,212.0,False,False,2025-11-27 11:37:36.952,PENDING,4865.21,1.0,NETBANKING,60,F,1966
B1508,84fe86a1b75827d9,AI023,Air India,HYD-BLR,HYD,BLR,2026-04-19 06:10:41.701,2026-04-19 09:35:41.701,205.0,False,False,2025-07-31 11:37:36.952,UNKNOWN,14679.26,3.0,CARD,69,F,1957
B1509,897e6bae933be77a,AI032,Air India,MAA-BLR,MAA,BLR,2026-04-19 07:26:41.701,2026-04-19 09:26:42.000,120.00498333333333,False,False,2025-09-25 11:37:36.952,CANCELLED,,,,63,F,1963
B1510,2ee8fd73388615c9,AI236,Air India,DEL-BOM,DEL,BOM,2026-04-19 04:52:41.704,2026-04-19 09:11:41.704,259.0,False,False,2025-05-11 11:37:36.952,CANCELLED,3179.45,1.0,CARD,75,M,1951
B1511,8e8a6e1520e87e75,6F094,IndiGo,BLR-BOM,BLR,BOM,2026-04-19 07:37:41.702,2026-04-19 09:06:41.702,89.0,False,False,2025-12-24 11:37:36.952,CANCELLED,12346.57,1.0,UPI,8,F,2018
B1512,55cdce2660c64897,UK163,Vistara,DEL-HYD,DEL,HYD,2026-04-19 07:22:41.703,2026-04-19 09:04:41.703,102.0,False,False,2025-12-21 11:37:36.952,PENDING,5747.83,1.0,CARD,70,F,1956
B1513,1f33cbaf8cebdb6a,UK163,Vistara,DEL-HYD,DEL,HYD,2026-04-19 07:22:41.703,2026-04-19 09:04:41.703,102.0,False,False,2025-06-30 11:37:36.952,CONFIRMED,22716.67,2.0,CARD,34,M,1992
B1514,b479fb5c60d5b6ff,SJ045,SpiceJet,DEL-MAA,DEL,MAA,2026-04-19 04:16:41.701,2026-04-19 09:03:41.701,287.0,False,False,2025-05-07 11:37:36.952,CANCELLED,7723.56,1.0,UPI,63,M,1963
B1515,c64c34d52be07069,SJ006,SpiceJet,HYD-BLR,HYD,BLR,2026-04-19 08:25:41.701,2026-04-19 08:57:41.701,32.0,False,False,2025-07-06 11:37:36.952,PENDING,,,,83,F,1943
B1516,977beb35556da881,SJ103,SpiceJet,MAA-BLR,MAA,BLR,2026-04-19 05:16:41.702,2026-04-19 08:56:41.702,220.0,False,False,2025-08-05 11:37:36.952,CANCELLED,3242.75,1.0,UPI,2,M,2024
B1517,b4f0653d398696d0,6F221,IndiGo,MAA-DEL,MAA,DEL,2026-04-19 05:20:41.704,2026-04-19 08:52:41.704,212.0,False,False,2026-01-16 11:37:36.952,UNKNOWN,8025.265,1.0,CARD,55,F,1971
B1518,d57e36c7069ff270,SJ147,SpiceJet,BLR-CCU,BLR,CCU,2026-04-19 04:30:41.702,2026-04-19 08:52:41.702,262.0,False,False,2026-03-20 11:37:36.952,UNKNOWN,,,,52,M,1974
B1519,32e05329b5735bda,SJ064,SpiceJet,CCU-DEL,CCU,DEL,2026-04-19 06:29:41.701,2026-04-19 08:43:41.701,134.0,False,False,2026-03-25 11:37:36.952,PENDING,14857.830000000002,2.0,NETBANKING,62,F,1964
B1520,67d3ba0f92d0add9,AI028,Air India,HYD-BOM,HYD,BOM,2026-04-19 07:53:41.701,2026-04-19 08:35:41.701,42.0,False,False,2026-04-02 11:37:36.952,CONFIRMED,14340.74,1.0,CARD,68,M,1958
B1521,9fe4817e723062fc,AI148,Air India,HYD-MAA,HYD,MAA,2026-04-19 05:41:41.703,2026-04-19 08:32:41.703,171.0,False,False,2025-11-08 11:37:36.952,PENDING,18353.23,3.0,CARD,24,M,2002
B1522,d1c4eb92e64c5ddf,6F263,IndiGo,DEL-HYD,DEL,HYD,2026-04-19 07:07:41.703,2026-04-19 08:30:41.703,83.0,False,False,2025-08-31 11:37:36.952,CONFIRMED,,,,4,M,2022
B1523,362b0e11296d7e07,SJ067,SpiceJet,MAA-BLR,MAA,BLR,2026-04-19 07:17:41.701,2026-04-19 08:16:41.701,59.0,False,False,2025-05-19 11:37:36.952,PENDING,18759.105,2.0,NETBANKING,40,F,1986
B1524,b3ce77e01dee8c32,6F061,IndiGo,MAA-BOM,MAA,BOM,2026-04-19 07:28:41.701,2026-04-19 08:09:41.701,41.0,False,False,2025-06-17 11:37:36.952,PENDING,9831.83,2.0,CARD,29,M,1997
B1525,37a2fe809db2033d,AI254,Air India,CCU-HYD,CCU,HYD,2026-04-19 04:46:41.704,2026-04-19 08:06:41.704,200.0,False,False,2025-05-29 11:37:36.952,UNKNOWN,7869.06,1.0,UPI,57,F,1969
B1526,a628d2b1418240b4,SJ136,SpiceJet,HYD-BLR,HYD,BLR,2026-04-19 05:45:41.702,2026-04-19 08:04:41.702,139.0,False,False,2025-11-15 11:37:36.952,CONFIRMED,12889.82,2.0,CARD,84,M,1942
B1527,20e2f8fd67b651c9,AI046,Air India,DEL-BOM,DEL,BOM,2026-04-19 05:09:41.701,2026-04-19 08:00:41.701,171.0,False,False,2025-07-09 11:37:36.952,PENDING,11891.78,1.0,CARD,76,M,1950
B1528,abc93e7d35ee9fdb,UK174,Vistara,CCU-DEL,CCU,DEL,2026-04-19 05:27:41.703,2026-04-19 07:47:41.703,140.0,False,False,2026-03-28 11:37:36.952,PENDING,,,,37,M,1989
B1529,171c5f0052d516be,6F066,IndiGo,BLR-HYD,BLR,HYD,2026-04-19 06:07:41.701,2026-04-19 07:43:41.701,96.0,False,False,2025-04-30 11:37:36.952,UNKNOWN,,,,72,M,1954
B1530,5f85276cb01703e2,UK095,Vistara,BOM-MAA,BOM,MAA,2026-04-19 05:22:41.702,2026-04-19 07:36:41.702,134.0,False,False,2025-12-08 11:37:36.952,UNKNOWN,29065.67,3.0,CARD,89,F,1937
B1531,a3c6d0518060dd14,6F063,IndiGo,DEL-HYD,DEL,HYD,2026-04-19 04:42:41.701,2026-04-19 07:31:41.701,169.0,False,False,2026-04-01 11:37:36.952,PENDING,31634.77,3.0,UPI,6,M,2020
B1532,c53c4b17ffc59bf8,UK118,Vistara,HYD-BLR,HYD,BLR,2026-04-19 06:22:41.702,2026-04-19 07:22:42.000,60.00496666666666,False,False,2025-04-22 11:37:36.952,PENDING,32320.865,3.0,NETBANKING,25,M,2001
B1533,941ee317872eaaad,UK218,Vistara,MAA-BLR,MAA,BLR,2026-04-19 03:12:41.704,2026-04-19 07:22:41.704,250.0,False,False,2025-09-15 11:37:36.952,PENDING,,,,87,M,1939
B1534,7c5d3e17850db741,UK031,Vistara,CCU-DEL,CCU,DEL,2026-04-19 03:45:41.701,2026-04-19 07:20:41.701,215.0,False,False,2025-09-11 11:37:36.952,CONFIRMED,12347.23,1.0,NETBANKING,41,F,1985
B1535,88528a80bd8b9fdc,UK142,Vistara,BLR-DEL,BLR,DEL,2026-04-19 03:03:41.703,2026-04-19 07:13:41.703,250.0,False,False,2026-04-02 11:37:36.952,PENDING,19520.85,2.0,NETBANKING,23,M,2003
B1536,d195d7e3505fae7c,AI002,Air India,HYD-BLR,HYD,BLR,2026-04-19 05:12:41.700,2026-04-19 07:12:41.700,120.0,False,False,2025-06-01 11:37:36.952,UNKNOWN,6548.99,1.0,NETBANKING,10,M,2016
B1537,c6aad4d7a0dba322,UK070,Vistara,BOM-DEL,BOM,DEL,2026-04-19 04:36:41.701,2026-04-19 06:49:41.701,133.0,False,False,2025-10-08 11:37:36.952,CONFIRMED,9202.57,1.0,NETBANKING,8,M,2018
B1538,c9dff209184a578e,SJ121,SpiceJet,CCU-DEL,CCU,DEL,2026-04-19 05:32:41.702,2026-04-19 06:47:41.702,75.0,False,False,2026-03-17 11:37:36.952,PENDING,,,,44,M,1982
B1539,8803ac006fa1fec7,UK201,Vistara,HYD-BOM,HYD,BOM,2026-04-19 04:29:41.703,2026-04-19 06:42:41.703,133.0,False,False,2025-06-11 11:37:36.952,CONFIRMED,17509.78,2.0,CARD,19,F,2007
B1540,eb2fb3a096586ce1,AI138,Air India,DEL-CCU,DEL,CCU,2026-04-19 05:50:41.702,2026-04-19 06:40:41.702,50.0,False,False,2026-01-15 11:37:36.952,CANCELLED,3640.69,1.0,CARD,76,M,1950
B1541,058f77498357540d,SJ014,SpiceJet,BOM-HYD,BOM,HYD,2026-04-19 05:40:41.701,2026-04-19 06:39:41.701,59.0,False,False,2025-12-16 11:37:36.952,CONFIRMED,12031.17,1.0,NETBANKING,62,M,1964
B1542,804a7fd810fde403,SJ053,SpiceJet,CCU-DEL,CCU,DEL,2026-04-19 05:00:41.701,2026-04-19 06:38:41.701,98.0,False,False,2025-12-13 11:37:36.952,PENDING,,,,36,M,1990
B1543,40aa43611033238b,SJ241,SpiceJet,DEL-HYD,DEL,HYD,2026-04-19 03:57:41.704,2026-04-19 06:36:41.704,159.0,False,False,2025-06-16 11:37:36.952,CANCELLED,3207.85,1.0,UPI,42,M,1984
B1544,cbfc45dc17b89f49,AI249,Air India,BLR-HYD,BLR,HYD,2026-04-19 03:38:41.704,2026-04-19 06:27:41.704,169.0,False,False,2025-09-01 11:37:36.952,CANCELLED,12003.060000000001,2.0,NETBANKING,68,F,1958
B1545,ec850e3ac336fdb7,AI176,Air India,BLR-DEL,BLR,DEL,2026-04-19 04:20:41.703,2026-04-19 06:25:41.703,125.0,False,False,2026-03-08 11:37:36.952,PENDING,17736.33,2.0,CARD,86,F,1940
B1546,5c3d68acdd101661,SJ234,SpiceJet,BLR-CCU,BLR,CCU,2026-04-19 04:20:41.704,2026-04-19 06:23:41.704,123.0,False,False,2026-04-02 11:37:36.952,PENDING,,,,42,F,1984
B1547,7c93e1489e1a2257,6F115,IndiGo,MAA-BLR,MAA,BLR,2026-04-19 04:41:41.702,2026-04-19 06:23:41.702,102.0,False,False,2025-04-18 11:37:36.952,PENDING,,,,55,M,1971
B1548,33d270b64b3686df,AI020,Air India,BOM-BLR,BOM,BLR,2026-04-19 03:53:41.701,2026-04-19 06:21:41.701,148.0,False,False,2025-10-04 11:37:36.952,CONFIRMED,,,,48,M,1978
B1549,b6bc9f4634367fb5,AI020,Air India,BOM-BLR,BOM,BLR,2026-04-19 03:53:41.701,2026-04-19 06:21:41.701,148.0,False,False,2025-12-16 11:37:36.952,CONFIRMED,,,,9,F,2017
B1550,3ea4f933c0dd3035,6F079,IndiGo,MAA-HYD,MAA,HYD,2026-04-19 02:14:41.702,2026-04-19 06:18:41.702,244.0,False,False,2025-12-06 11:37:36.952,CONFIRMED,,,,9,M,2017
B1551,dd880b4e802c6ae9,6F104,IndiGo,CCU-BOM,CCU,BOM,2026-04-19 05:39:41.702,2026-04-19 06:14:41.702,35.0,False,False,2025-11-14 11:37:36.952,UNKNOWN,,,,44,F,1982
B1552,406d8d88eb9a9b76,UK046,Vistara,CCU-DEL,CCU,DEL,2026-04-19 03:37:41.701,2026-04-19 06:05:41.701,148.0,False,False,2026-02-06 11:37:36.952,PENDING,12589.6,1.0,NETBANKING,77,M,1949
B1553,389e8dea3b711e3f,SJ217,SpiceJet,BOM-CCU,BOM,CCU,2026-04-19 02:57:41.703,2026-04-19 06:04:41.703,187.0,False,False,2025-11-15 11:37:36.952,CONFIRMED,1883.33,1.0,UPI,73,M,1953
B1554,8c19dddc42a51810,6F142,IndiGo,CCU-MAA,CCU,MAA,2026-04-19 02:05:41.702,2026-04-19 06:04:41.702,239.0,False,False,2025-08-26 11:37:36.952,CANCELLED,,,,14,F,2012
B1555,9fe4817e723062fc,SJ139,SpiceJet,DEL-BLR,DEL,BLR,2026-04-19 02:20:41.702,2026-04-19 06:02:41.702,222.0,False,False,2026-04-04 11:37:36.952,CONFIRMED,13344.12,1.0,NETBANKING,24,M,2002
B1556,fa7211d9314bde12,6F059,IndiGo,BOM-DEL,BOM,DEL,2026-04-19 01:12:41.701,2026-04-19 06:02:41.701,290.0,False,False,2026-01-18 11:37:36.952,CANCELLED,,,,62,M,1964
B1557,e711b6d8ec61289a,6F067,IndiGo,MAA-BLR,MAA,BLR,2026-04-19 02:59:41.701,2026-04-19 06:02:41.701,183.0,False,False,2025-08-10 11:37:36.952,PENDING,17708.739999999998,2.0,UPI,5,M,2021
B1558,4a8ca129bf4c95f1,AI007,Air India,MAA-DEL,MAA,DEL,2026-04-19 04:01:41.701,2026-04-19 06:01:42.000,120.00498333333333,False,False,2025-08-07 11:37:36.952,PENDING,15597.73,2.0,UPI,47,F,1979
B1559,e343727d815613a7,UK202,Vistara,DEL-HYD,DEL,HYD,2026-04-19 01:11:41.703,2026-04-19 05:37:41.703,266.0,False,False,2026-01-20 11:37:36.952,CONFIRMED,3622.91,1.0,NETBANKING,47,M,1979
B1560,06bc8d92ee92081a,AI200,Air India,HYD-MAA,HYD,MAA,2026-04-19 02:05:41.703,2026-04-19 05:29:41.703,204.0,False,False,2026-03-07 11:37:36.952,CONFIRMED,,,,36,F,1990
B1561,d8e03792d05d0d72,UK172,Vistara,DEL-BOM,DEL,BOM,2026-04-19 02:20:41.703,2026-04-19 05:21:41.703,181.0,False,False,2026-01-27 11:37:36.952,PENDING,11507.310000000001,2.0,UPI,78,M,1948
B1562,dd6b7b5f149e02a2,6F214,IndiGo,BOM-CCU,BOM,CCU,2026-04-19 01:21:41.703,2026-04-19 05:20:41.703,239.0,False,False,2025-05-01 11:37:36.952,CONFIRMED,6572.09,1.0,UPI,28,F,1998
B1563,d57e36c7069ff270,UK037,Vistara,BLR-BOM,BLR,BOM,2026-04-19 01:10:41.701,2026-04-19 05:12:41.701,242.0,False,False,2025-09-11 11:37:36.952,PENDING,,,,52,M,1974
B1564,0fd39e65603066b6,AI022,Air India,BOM-MAA,BOM,MAA,2026-04-19 03:15:41.701,2026-04-19 05:10:41.701,115.0,False,False,2025-08-14 11:37:36.952,PENDING,3514.52,1.0,NETBANKING,63,F,1963
B1565,135f00d3f0137518,AI243,Air India,BLR-BOM,BLR,BOM,2026-04-19 02:50:41.704,2026-04-19 05:09:41.704,139.0,False,False,2026-02-06 11:37:36.952,CANCELLED,7243.49,2.0,UPI,6,M,2020
B1566,601a234798808c88,SJ174,SpiceJet,CCU-DEL,CCU,DEL,2026-04-19 04:09:41.703,2026-04-19 05:04:41.703,55.0,False,False,2025-10-08 11:37:36.952,CONFIRMED,26394.47,2.0,CARD,26,M,2000
B1567,11a634da6cea41d8,SJ079,SpiceJet,HYD-DEL,HYD,DEL,2026-04-19 01:58:41.702,2026-04-19 05:02:41.702,184.0,False,False,2025-11-13 11:37:36.952,PENDING,10982.24,1.0,CARD,68,F,1958
B1568,6133f37eca63509d,UK097,Vistara,HYD-BOM,HYD,BOM,2026-04-19 00:49:41.702,2026-04-19 05:00:41.702,251.0,False,False,2025-12-21 11:37:36.952,CONFIRMED,8158.17,1.0,NETBANKING,17,M,2009
B1569,28b9f34fec553366,AI013,Air India,HYD-BLR,HYD,BLR,2026-04-19 03:41:41.701,2026-04-19 04:58:41.701,77.0,False,False,2025-12-26 11:37:36.952,CANCELLED,,,,44,M,1982
B1570,997f542722cf4936,UK196,Vistara,BOM-HYD,BOM,HYD,2026-04-19 00:32:41.703,2026-04-19 04:49:41.703,257.0,False,False,2025-11-21 11:37:36.952,CANCELLED,15054.77,2.0,UPI,63,F,1963
B1571,1dd7aca36c533d3a,SJ213,SpiceJet,BOM-CCU,BOM,CCU,2026-04-19 01:19:41.703,2026-04-19 04:48:41.703,209.0,False,False,2025-11-06 11:37:36.952,CONFIRMED,,,,24,M,2002
B1572,8cb51630da31750e,UK119,Vistara,BOM-CCU,BOM,CCU,2026-04-19 00:21:41.702,2026-04-19 04:38:41.702,257.0,False,False,2025-05-26 11:37:36.952,CONFIRMED,22008.03,2.0,NETBANKING,8,M,2018
B1573,40f21447e2d99708,AI043,Air India,CCU-DEL,CCU,DEL,2026-04-19 00:28:41.701,2026-04-19 04:37:41.701,249.0,False,False,2026-03-18 11:37:36.952,PENDING,7629.97,1.0,NETBANKING,19,F,2007
B1574,62f2322dddfb79bb,AI043,Air India,CCU-DEL,CCU,DEL,2026-04-19 00:28:41.701,2026-04-19 04:37:41.701,249.0,False,False,2025-04-29 11:37:36.952,CANCELLED,13905.05,1.0,UPI,3,F,2023
B1575,7fa1c9c7def87a5d,AI143,Air India,CCU-DEL,CCU,DEL,2026-04-19 03:58:41.702,2026-04-19 04:36:41.702,38.0,False,False,2025-06-16 11:37:36.952,CANCELLED,12516.91,1.0,CARD,56,M,1970
B1576,8c684d3fd96f49da,SJ032,SpiceJet,MAA-BOM,MAA,BOM,2026-04-19 02:11:41.701,2026-04-19 04:33:41.701,142.0,False,False,2025-10-20 11:37:36.952,UNKNOWN,8025.265,1.0,CARD,16,F,2010
B1577,9229ac012ebab1d2,6F050,IndiGo,DEL-BOM,DEL,BOM,2026-04-19 00:35:41.701,2026-04-19 04:32:41.701,237.0,False,False,2026-01-24 11:37:36.952,CONFIRMED,,,,33,M,1993
B1578,106e87a46f7605bb,AI134,Air India,HYD-BOM,HYD,BOM,2026-04-19 00:28:41.702,2026-04-19 04:23:41.702,235.0,False,False,2025-12-25 11:37:36.952,PENDING,11821.25,3.0,UPI,58,M,1968
B1579,151d18b9e5defe09,6F182,IndiGo,BOM-CCU,BOM,CCU,2026-04-19 02:10:41.703,2026-04-19 04:18:41.703,128.0,False,False,2025-04-24 11:37:36.952,CONFIRMED,9444.1,2.0,NETBANKING,39,F,1987
B1580,ac7dd7f4b84dcc07,SJ086,SpiceJet,CCU-DEL,CCU,DEL,2026-04-19 00:32:41.702,2026-04-19 04:17:41.702,225.0,False,False,2025-10-08 11:37:36.952,CONFIRMED,26625.059999999998,3.0,UPI,60,F,1966
B1581,c46c5d3449b5bdb0,6F170,IndiGo,HYD-DEL,HYD,DEL,2026-04-19 02:44:41.703,2026-04-19 04:14:41.703,90.0,False,False,2025-08-06 11:37:36.952,CONFIRMED,17238.55,2.0,NETBANKING,35,M,1991
B1582,feba6eabce3297e0,UK168,Vistara,BLR-CCU,BLR,CCU,2026-04-19 03:20:41.703,2026-04-19 04:09:41.703,49.0,False,False,2025-04-24 11:37:36.952,PENDING,13552.0,1.0,UPI,26,F,2000
B1583,293bb2a31c8464f2,SJ072,SpiceJet,DEL-HYD,DEL,HYD,2026-04-19 01:18:41.701,2026-04-19 04:08:41.701,170.0,False,False,2026-02-22 11:37:36.952,UNKNOWN,,,,45,M,1981
B1584,62f2f95c9e8389c7,UK075,Vistara,MAA-CCU,MAA,CCU,2026-04-18 23:15:41.702,2026-04-19 03:54:41.702,279.0,True,False,2025-04-28 11:37:36.952,CANCELLED,26466.88,2.0,CARD,42,F,1984
B1585,a8fe49f029503a2f,6F233,IndiGo,BLR-BOM,BLR,BOM,2026-04-18 23:56:41.704,2026-04-19 03:53:41.704,237.0,True,False,2026-01-08 11:37:36.952,CANCELLED,31241.26,3.0,UPI,59,F,1967
B1586,c43ec1a8e14be44b,SJ143,SpiceJet,DEL-BOM,DEL,BOM,2026-04-19 02:55:41.702,2026-04-19 03:52:41.702,57.0,False,False,2025-11-13 11:37:36.952,CANCELLED,,,,45,M,1981
B1587,7a23c48f837886ce,SJ246,SpiceJet,BOM-DEL,BOM,DEL,2026-04-19 02:47:41.704,2026-04-19 03:47:42.000,60.004933333333334,False,False,2025-06-28 11:37:36.952,PENDING,11740.35,1.0,NETBANKING,89,F,1937
B1588,63bac2a8ea321d4b,SJ247,SpiceJet,DEL-BOM,DEL,BOM,2026-04-18 23:38:41.704,2026-04-19 03:43:41.704,245.0,True,False,2025-11-04 11:37:36.952,CONFIRMED,12810.22,1.0,UPI,63,M,1963
B1589,5a4756d528bb0219,UK157,Vistara,CCU-BOM,CCU,BOM,2026-04-19 02:41:41.703,2026-04-19 03:41:42.000,60.00495,False,False,2025-08-31 11:37:36.952,PENDING,29432.760000000002,3.0,UPI,17,F,2009
B1590,fb359ef7aaea5fda,UK069,Vistara,CCU-DEL,CCU,DEL,2026-04-19 01:10:41.701,2026-04-19 03:23:41.701,133.0,False,False,2026-04-01 11:37:36.952,CONFIRMED,1015.84,1.0,UPI,65,F,1961
B1591,0c89b137b5ca1fa3,AI106,Air India,HYD-BLR,HYD,BLR,2026-04-19 02:07:41.702,2026-04-19 03:20:41.702,73.0,False,False,2025-11-20 11:37:36.952,CANCELLED,16833.8,2.0,UPI,20,M,2006
B1592,57e040397bede898,UK085,Vistara,MAA-DEL,MAA,DEL,2026-04-19 02:15:41.702,2026-04-19 03:17:41.702,62.0,False,False,2025-11-17 11:37:36.952,CONFIRMED,,,,1,F,2025
B1593,c05182e87b3076c6,6F087,IndiGo,DEL-HYD,DEL,HYD,2026-04-18 23:24:41.702,2026-04-19 03:10:41.702,226.0,True,False,2025-09-24 11:37:36.952,UNKNOWN,,,,1,F,2025
B1594,88528a80bd8b9fdc,AI067,Air India,HYD-DEL,HYD,DEL,2026-04-18 23:36:41.701,2026-04-19 03:09:41.701,213.0,True,False,2025-06-01 11:37:36.952,CONFIRMED,1448.88,1.0,NETBANKING,23,M,2003
B1595,4d7b9e90f4a03979,6F226,IndiGo,DEL-BOM,DEL,BOM,2026-04-19 00:38:41.704,2026-04-19 02:55:41.704,137.0,False,False,2026-01-07 11:37:36.952,PENDING,24869.85,2.0,UPI,76,F,1950
B1596,5f85276cb01703e2,SJ210,SpiceJet,HYD-CCU,HYD,CCU,2026-04-18 23:21:41.703,2026-04-19 02:54:41.703,213.0,True,False,2025-12-20 11:37:36.952,CONFIRMED,18020.9,2.0,UPI,89,F,1937
B1597,8375c59232de8dcb,6F269,IndiGo,HYD-MAA,HYD,MAA,2026-04-19 01:30:41.702,2026-04-19 02:52:41.702,82.0,False,False,2025-10-23 11:37:36.952,CONFIRMED,19192.260000000002,2.0,UPI,55,M,1971
B1598,97a18e5b4817a431,UK013,Vistara,BOM-MAA,BOM,MAA,2026-04-18 23:52:41.701,2026-04-19 02:52:41.701,180.0,True,False,2026-01-02 11:37:36.952,CONFIRMED,15978.23,2.0,NETBANKING,43,F,1983
B1599,51d9cca0b1a36ec7,UK013,Vistara,BOM-MAA,BOM,MAA,2026-04-18 23:52:41.701,2026-04-19 02:52:41.701,180.0,True,False,2025-09-30 11:37:36.952,PENDING,,,,79,M,1947
B1600,b9ffb19178935d59,UK143,Vistara,BLR-BOM,BLR,BOM,2026-04-19 01:34:41.703,2026-04-19 02:48:41.703,74.0,False,False,2025-07-20 11:37:36.952,PENDING,24083.25,2.0,CARD,75,F,1951
B1601,f24473465d4b8e3f,6F262,IndiGo,MAA-DEL,MAA,DEL,2026-04-19 01:44:41.702,2026-04-19 02:47:41.702,63.0,False,False,2025-09-07 11:37:36.952,PENDING,,,,61,M,1965
B1602,0e52b3623a225adc,6F042,IndiGo,HYD-DEL,HYD,DEL,2026-04-18 22:35:41.701,2026-04-19 02:41:41.701,246.0,True,False,2025-07-07 11:37:36.952,UNKNOWN,4028.21,1.0,NETBANKING,27,F,1999
B1603,a8fe49f029503a2f,SJ118,SpiceJet,DEL-BOM,DEL,BOM,2026-04-19 01:08:41.702,2026-04-19 02:33:41.702,85.0,False,False,2025-12-06 11:37:36.952,CANCELLED,,,,59,F,1967
B1604,5753e1328d66f91f,SJ118,SpiceJet,DEL-BOM,DEL,BOM,2026-04-19 01:08:41.702,2026-04-19 02:33:41.702,85.0,False,False,2025-11-17 11:37:36.952,CANCELLED,,,,1,F,2025
B1605,5c6e364a9f9cd903,SJ082,SpiceJet,BOM-DEL,BOM,DEL,2026-04-19 01:54:41.702,2026-04-19 02:33:41.702,39.0,False,False,2025-10-03 11:37:36.952,CANCELLED,8025.265,1.0,CARD,8,F,2018
B1606,fc3d44fd86ac9a91,6F015,IndiGo,BOM-CCU,BOM,CCU,2026-04-18 23:39:41.701,2026-04-19 02:27:41.701,168.0,True,False,2025-07-18 11:37:36.952,CONFIRMED,21087.41,3.0,CARD,28,M,1998
B1607,b418184adc792f15,AI101,Air India,DEL-BLR,DEL,BLR,2026-04-18 23:20:41.702,2026-04-19 02:23:41.702,183.0,True,False,2026-02-02 11:37:36.952,UNKNOWN,13086.08,2.0,NETBANKING,26,F,2000
B1608,dee041062de93beb,SJ110,SpiceJet,CCU-DEL,CCU,DEL,2026-04-19 01:47:41.702,2026-04-19 02:20:41.702,33.0,False,False,2025-06-28 11:37:36.952,CANCELLED,,,,27,M,1999
B1609,d62bb7c845831e35,SJ042,SpiceJet,HYD-CCU,HYD,CCU,2026-04-18 22:38:41.701,2026-04-19 02:20:41.701,222.0,True,False,2025-10-21 11:37:36.952,CANCELLED,,,,57,M,1969
B1610,a77dcfa62fba0be8,6F145,IndiGo,CCU-DEL,CCU,DEL,2026-04-19 01:02:41.703,2026-04-19 02:18:41.703,76.0,False,False,2025-10-13 11:37:36.952,CONFIRMED,5809.44,1.0,NETBANKING,48,M,1978
B1611,c05182e87b3076c6,UK029,Vistara,DEL-BOM,DEL,BOM,2026-04-18 23:26:41.701,2026-04-19 02:15:41.701,169.0,True,False,2026-01-05 11:37:36.952,CANCELLED,22397.64,2.0,NETBANKING,1,F,2025
B1612,977beb35556da881,SJ200,SpiceJet,BOM-DEL,BOM,DEL,2026-04-18 23:24:41.703,2026-04-19 02:11:41.703,167.0,True,False,2025-04-18 11:37:36.952,CANCELLED,,,,2,M,2024
B1613,95c7b1377aa1706b,SJ209,SpiceJet,BLR-BOM,BLR,BOM,2026-04-18 22:22:41.703,2026-04-19 02:03:41.703,221.0,True,False,2026-01-29 11:37:36.952,CONFIRMED,16309.3,2.0,NETBANKING,10,M,2016
B1614,361fa27391edebcf,AI116,Air India,CCU-BOM,CCU,BOM,2026-04-18 22:30:41.702,2026-04-19 01:57:41.702,207.0,True,False,2025-05-11 11:37:36.952,UNKNOWN,8965.77,2.0,UPI,62,F,1964
B1615,8f3427d952d7f1e5,6F117,IndiGo,CCU-DEL,CCU,DEL,2026-04-19 00:46:41.702,2026-04-19 01:51:41.702,65.0,False,False,2025-05-23 11:37:36.952,CANCELLED,13670.64,2.0,CARD,29,M,1997
B1616,3c573bcd61314e53,SJ181,SpiceJet,BOM-BLR,BOM,BLR,2026-04-19 00:20:41.703,2026-04-19 01:49:41.703,89.0,False,False,2025-12-23 11:37:36.952,PENDING,,,,36,F,1990
B1617,aaebfd8c76858576,AI070,Air India,CCU-DEL,CCU,DEL,2026-04-19 00:05:41.702,2026-04-19 01:44:41.702,99.0,False,False,2025-05-10 11:37:36.952,UNKNOWN,12237.51,1.0,CARD,30,M,1996
B1618,cee0430efcd237c6,AI070,Air India,CCU-DEL,CCU,DEL,2026-04-19 00:05:41.702,2026-04-19 01:44:41.702,99.0,False,False,2026-01-19 11:37:36.952,CONFIRMED,6904.57,1.0,NETBANKING,56,F,1970
B1619,16ad866830e03f1b,UK042,Vistara,MAA-BOM,MAA,BOM,2026-04-18 20:59:41.701,2026-04-19 01:38:41.701,279.0,True,False,2026-02-05 11:37:36.952,PENDING,33652.61,3.0,CARD,64,F,1962
B1620,bc53d3a6f336c30d,AI169,Air India,CCU-DEL,CCU,DEL,2026-04-18 21:21:41.703,2026-04-19 01:34:41.703,253.0,True,False,2026-02-24 11:37:36.952,PENDING,33808.97,4.0,UPI,55,M,1971
B1621,25fe135679f329f4,6F021,IndiGo,BLR-MAA,BLR,MAA,2026-04-18 21:23:41.701,2026-04-19 01:25:41.701,242.0,True,False,2025-12-21 11:37:36.952,PENDING,11805.25,2.0,UPI,47,M,1979
B1622,d01adcd5d4424975,SJ046,SpiceJet,BOM-MAA,BOM,MAA,2026-04-18 22:01:41.701,2026-04-19 01:25:41.701,204.0,True,False,2025-06-23 11:37:36.952,PENDING,36638.7,3.0,UPI,44,M,1982
B1623,bc1b9d7109cc8686,AI211,Air India,DEL-CCU,DEL,CCU,2026-04-18 23:34:41.703,2026-04-19 01:21:41.703,107.0,True,False,2025-08-17 11:37:36.952,CANCELLED,37128.79,4.0,UPI,52,M,1974
B1624,28790f8dabccc4e6,SJ091,SpiceJet,BLR-CCU,BLR,CCU,2026-04-18 23:10:41.702,2026-04-19 00:47:41.702,97.0,True,False,2025-12-20 11:37:36.952,CANCELLED,,,,56,F,1970
B1625,ed24ab50851f6984,AI123,Air India,MAA-BOM,MAA,BOM,2026-04-18 22:19:41.702,2026-04-19 00:45:41.702,146.0,True,False,2026-04-05 11:37:36.952,PENDING,,,,59,M,1967
B1626,69a4e34dcb7cb71d,6F053,IndiGo,DEL-HYD,DEL,HYD,2026-04-18 20:26:41.701,2026-04-19 00:39:41.701,253.0,True,False,2025-04-17 11:37:36.952,CANCELLED,7859.04,1.0,NETBANKING,67,M,1959
B1627,7d7e17eef95a38c0,UK012,Vistara,MAA-BOM,MAA,BOM,2026-04-18 22:16:41.701,2026-04-19 00:25:41.701,129.0,True,False,2026-01-09 11:37:36.952,PENDING,23952.61,2.0,CARD,28,F,1998
B1628,bb98a58688bf30de,6F023,IndiGo,MAA-BLR,MAA,BLR,2026-04-18 20:18:41.701,2026-04-19 00:14:41.701,236.0,True,False,2025-11-25 11:37:36.952,PENDING,1971.53,1.0,CARD,12,M,2014
B1629,daf47756474ecbb4,AI250,Air India,BOM-CCU,BOM,CCU,2026-04-18 20:48:41.704,2026-04-19 00:12:41.704,204.0,True,False,2026-01-02 11:37:36.952,CONFIRMED,,,,89,F,1937
B1630,5310c4af8c1b6e29,AI238,Air India,CCU-MAA,CCU,MAA,2026-04-18 19:25:41.704,2026-04-19 00:07:41.704,282.0,True,False,2026-04-07 11:37:36.952,PENDING,11475.88,1.0,NETBANKING,85,M,1941
B1631,9381ee99f78ad9ba,UK096,Vistara,BLR-HYD,BLR,HYD,2026-04-18 22:11:41.702,2026-04-19 00:06:41.702,115.0,True,False,2026-02-17 11:37:36.952,CANCELLED,17514.41,2.0,UPI,4,M,2022
B1632,9d90dbbf12381ba6,UK126,Vistara,CCU-DEL,CCU,DEL,2026-04-18 22:37:41.702,2026-04-19 00:03:41.702,86.0,True,False,2026-03-30 11:37:36.952,PENDING,11397.25,1.0,NETBANKING,25,M,2001
B1633,5312021e74bce837,SJ195,SpiceJet,BOM-CCU,BOM,CCU,2026-04-18 20:41:41.703,2026-04-18 23:54:41.703,193.0,False,False,2025-08-30 11:37:36.952,CONFIRMED,,,,30,F,1996
B1634,ec66ef621b2b858f,SJ171,SpiceJet,DEL-HYD,DEL,HYD,2026-04-18 20:52:41.703,2026-04-18 23:52:41.703,180.0,False,False,2025-12-25 11:37:36.952,CANCELLED,,,,79,F,1947
B1635,3f035fd87f20a556,AI136,Air India,BLR-DEL,BLR,DEL,2026-04-18 20:29:41.702,2026-04-18 23:48:41.702,199.0,False,False,2025-08-14 11:37:36.952,UNKNOWN,,,,26,F,2000
B1636,6133f37eca63509d,SJ192,SpiceJet,HYD-BOM,HYD,BOM,2026-04-19 18:45:42.000,2026-04-19 23:45:42.000,300.0,False,False,2025-05-27 11:37:36.952,CONFIRMED,14700.1,1.0,NETBANKING,17,M,2009
B1637,6315b5e8de7a2763,6F035,IndiGo,CCU-HYD,CCU,HYD,2026-04-18 19:16:41.701,2026-04-18 23:40:41.701,264.0,False,False,2025-12-01 11:37:36.952,PENDING,25470.66,3.0,CARD,58,M,1968
B1638,85af20f10bb08045,UK088,Vistara,MAA-BLR,MAA,BLR,2026-04-18 19:16:41.702,2026-04-18 23:36:41.702,260.0,False,False,2026-02-23 11:37:36.952,CONFIRMED,,,,57,M,1969
B1639,de4057e09e485536,6F009,IndiGo,BLR-CCU,BLR,CCU,2026-04-18 20:21:41.701,2026-04-18 23:36:41.701,195.0,False,False,2025-09-14 11:37:36.952,CONFIRMED,6069.3,2.0,NETBANKING,66,F,1960
B1640,9a9e4699d19b11ec,6F004,IndiGo,BOM-CCU,BOM,CCU,2026-04-18 19:53:41.701,2026-04-18 23:33:41.701,220.0,False,False,2026-01-28 11:37:36.952,CANCELLED,,,,52,M,1974
B1641,a5caf355eb239f61,UK122,Vistara,HYD-CCU,HYD,CCU,2026-04-18 20:29:42.000,2026-04-18 23:29:42.000,180.0,False,False,2026-03-27 11:37:36.952,UNKNOWN,14953.42,1.0,NETBANKING,61,F,1965
B1642,615b7cd79419da91,AI251,Air India,MAA-DEL,MAA,DEL,2026-04-18 22:40:41.704,2026-04-18 23:24:41.704,44.0,False,False,2026-02-15 11:37:36.952,PENDING,6919.99,1.0,NETBANKING,39,M,1987
B1643,651ca269ba7ddc49,AI027,Air India,BOM-MAA,BOM,MAA,2026-04-18 19:41:41.701,2026-04-18 23:23:41.701,222.0,False,False,2026-02-04 11:37:36.952,PENDING,,,,43,M,1983
B1644,b36443df5c7d261a,SJ165,SpiceJet,CCU-BOM,CCU,BOM,2026-04-18 20:08:41.703,2026-04-18 23:18:41.703,190.0,False,False,2025-10-20 11:37:36.952,PENDING,10406.49,1.0,CARD,88,M,1938
B1645,ec66ef621b2b858f,UK081,Vistara,BLR-DEL,BLR,DEL,2026-04-18 22:00:41.702,2026-04-18 23:00:41.702,60.0,False,False,2025-08-16 11:37:36.952,CONFIRMED,2308.55,1.0,NETBANKING,79,F,1947
B1646,34312101f8d5e377,UK191,Vistara,MAA-BLR,MAA,BLR,2026-04-18 21:51:41.703,2026-04-18 22:57:41.703,66.0,False,False,2025-09-27 11:37:36.952,CANCELLED,22654.88,2.0,UPI,47,M,1979
B1647,5b2bd44efe594ba4,SJ188,SpiceJet,BLR-BOM,BLR,BOM,2026-04-18 22:15:41.703,2026-04-18 22:55:41.703,40.0,False,False,2025-11-06 11:37:36.952,PENDING,17320.63,2.0,CARD,35,M,1991
B1648,a700b69e07bf518d,6F016,IndiGo,HYD-BOM,HYD,BOM,2026-04-18 22:18:41.701,2026-04-18 22:54:41.701,36.0,False,False,2025-08-09 11:37:36.952,CONFIRMED,3484.04,1.0,CARD,25,F,2001
B1649,7be4a7e6e850d5cc,6F064,IndiGo,CCU-DEL,CCU,DEL,2026-04-18 21:45:41.701,2026-04-18 22:50:41.701,65.0,False,False,2026-04-05 11:37:36.952,PENDING,28108.05,2.0,UPI,32,M,1994
B1650,99e4ff52b602e586,SJ105,SpiceJet,BOM-HYD,BOM,HYD,2026-04-18 19:22:41.702,2026-04-18 22:48:41.702,206.0,False,False,2026-04-03 11:37:36.952,UNKNOWN,,,,3,M,2023
B1651,8c800067c6523097,SJ054,SpiceJet,MAA-BLR,MAA,BLR,2026-04-18 18:13:41.701,2026-04-18 22:46:41.701,273.0,False,False,2025-09-09 11:37:36.952,CANCELLED,6941.55,1.0,NETBANKING,53,M,1973
B1652,97a18e5b4817a431,6F197,IndiGo,BOM-BLR,BOM,BLR,2026-04-18 17:59:41.703,2026-04-18 22:44:41.703,285.0,False,False,2025-12-19 11:37:36.952,PENDING,21520.53,4.0,NETBANKING,43,F,1983
B1653,67ceaf48b4fa4194,AI040,Air India,HYD-BLR,HYD,BLR,2026-04-18 21:01:41.701,2026-04-18 22:42:41.701,101.0,False,False,2026-03-26 11:37:36.952,CANCELLED,10350.94,1.0,NETBANKING,71,M,1955
B1654,f7d77c5bfbccd941,AI131,Air India,MAA-BOM,MAA,BOM,2026-04-18 19:55:41.702,2026-04-18 22:35:41.702,160.0,False,False,2025-08-14 11:37:36.952,UNKNOWN,12116.85,1.0,NETBANKING,16,M,2010
B1655,5b84569f81581ca5,6F141,IndiGo,BOM-CCU,BOM,CCU,2026-04-18 20:26:41.702,2026-04-18 22:28:41.702,122.0,False,False,2025-10-09 11:37:36.952,PENDING,,,,30,M,1996
B1656,a44687ebd7340d59,UK035,Vistara,HYD-BOM,HYD,BOM,2026-04-18 21:08:41.701,2026-04-18 22:24:41.701,76.0,False,False,2025-05-12 11:37:36.952,CONFIRMED,9174.46,1.0,NETBANKING,14,F,2012
B1657,7be4a7e6e850d5cc,AI005,Air India,DEL-CCU,DEL,CCU,2026-04-18 21:24:41.701,2026-04-18 22:11:41.701,47.0,False,False,2025-08-28 11:37:36.952,CONFIRMED,11326.44,1.0,UPI,32,M,1994
B1658,3c3b2d7870916b0e,AI001,Air India,DEL-HYD,DEL,HYD,2026-04-18 19:00:41.700,2026-04-18 22:03:41.700,183.0,False,False,2025-06-22 11:37:36.952,CONFIRMED,,,,25,F,2001
B1659,daf47756474ecbb4,UK211,Vistara,MAA-CCU,MAA,CCU,2026-04-18 20:39:41.704,2026-04-18 22:02:41.704,83.0,False,False,2026-01-17 11:37:36.952,PENDING,,,,89,F,1937
B1660,2e769022e27395a4,SJ189,SpiceJet,HYD-BLR,HYD,BLR,2026-04-18 17:05:41.703,2026-04-18 22:01:41.703,296.0,False,False,2026-04-04 11:37:36.952,CANCELLED,13059.015,2.0,CARD,79,M,1947
B1661,28072ef22e322836,UK006,Vistara,MAA-CCU,MAA,CCU,2026-04-18 20:16:41.701,2026-04-18 21:55:41.701,99.0,False,False,2025-04-21 11:37:36.952,PENDING,20979.510000000002,2.0,NETBANKING,3,F,2023
B1662,7d5a92ca224f2e51,6F189,IndiGo,MAA-BLR,MAA,BLR,2026-04-18 20:08:41.703,2026-04-18 21:51:41.703,103.0,False,False,2025-10-13 11:37:36.952,CONFIRMED,9168.1,1.0,NETBANKING,74,F,1952
B1663,d7109b8afc7e2a0e,AI133,Air India,DEL-CCU,DEL,CCU,2026-04-18 19:12:41.702,2026-04-18 21:32:41.702,140.0,False,False,2025-05-16 11:37:36.952,CANCELLED,66885.47,6.0,CARD,20,F,2006
B1664,1e8cf5fdde3d0d02,SJ216,SpiceJet,BOM-CCU,BOM,CCU,2026-04-18 18:35:41.703,2026-04-18 21:31:41.703,176.0,False,False,2025-11-08 11:37:36.952,CONFIRMED,,,,17,M,2009
B1665,b9c57b306024c4d4,SJ133,SpiceJet,BOM-CCU,BOM,CCU,2026-04-18 18:50:41.702,2026-04-18 21:29:41.702,159.0,False,False,2026-03-04 11:37:36.952,CANCELLED,13434.66,1.0,UPI,49,M,1977
B1666,0b23a4eec28c47a6,UK082,Vistara,DEL-BOM,DEL,BOM,2026-04-18 16:50:41.702,2026-04-18 21:21:41.702,271.0,False,False,2026-03-05 11:37:36.952,PENDING,4184.87,1.0,CARD,50,F,1976
B1667,4e57b3e3acc5dc35,6F136,IndiGo,CCU-DEL,CCU,DEL,2026-04-18 20:24:41.702,2026-04-18 21:01:41.702,37.0,False,False,2026-02-16 11:37:36.952,CANCELLED,,,,86,F,1940
B1668,22547ffe1bf682a9,6F039,IndiGo,MAA-CCU,MAA,CCU,2026-04-18 16:43:41.701,2026-04-18 21:01:41.701,258.0,False,False,2025-04-30 11:37:36.952,PENDING,,,,65,M,1961
B1669,bc53d3a6f336c30d,AI011,Air India,CCU-BOM,CCU,BOM,2026-04-18 16:58:41.701,2026-04-18 21:01:41.701,243.0,False,False,2025-06-16 11:37:36.952,CONFIRMED,,,,55,M,1971
B1670,f92830d7107c0bc9,SJ225,SpiceJet,DEL-HYD,DEL,HYD,2026-04-18 18:16:41.704,2026-04-18 20:53:41.704,157.0,False,False,2025-05-12 11:37:36.952,CANCELLED,,,,66,M,1960
B1671,3abaef853c86b3c8,SJ024,SpiceJet,DEL-MAA,DEL,MAA,2026-04-18 16:29:41.701,2026-04-18 20:21:41.701,232.0,False,False,2025-07-08 11:37:36.952,CONFIRMED,,,,54,M,1972
B1672,9a9e4699d19b11ec,AI109,Air India,BLR-BOM,BLR,BOM,2026-04-18 15:53:41.702,2026-04-18 20:14:41.702,261.0,False,False,2025-08-01 11:37:36.952,CANCELLED,6895.9,1.0,CARD,52,M,1974
B1673,c7bc02c77dee8274,AI147,Air India,HYD-CCU,HYD,CCU,2026-04-18 18:14:41.703,2026-04-18 20:10:41.703,116.0,False,False,2025-06-12 11:37:36.952,UNKNOWN,,,,40,F,1986
B1674,d37485d8b73a6706,UK057,Vistara,CCU-DEL,CCU,DEL,2026-04-18 15:25:41.701,2026-04-18 20:04:41.701,279.0,False,False,2025-11-03 11:37:36.952,CANCELLED,,,,20,F,2006
B1675,3abaef853c86b3c8,6F111,IndiGo,HYD-DEL,HYD,DEL,2026-04-18 17:09:41.702,2026-04-18 20:02:41.702,173.0,False,False,2025-08-01 11:37:36.952,CANCELLED,,,,54,M,1972
B1676,837e9146a2f28080,AI197,Air India,BOM-CCU,BOM,CCU,2026-04-18 16:25:41.703,2026-04-18 20:00:41.703,215.0,False,False,2026-04-14 11:37:36.952,PENDING,26552.82,2.0,CARD,1,M,2025
B1677,bfa788e34b568d3b,UK127,Vistara,BOM-HYD,BOM,HYD,2026-04-18 15:56:41.702,2026-04-18 20:00:41.702,244.0,False,False,2026-01-31 11:37:36.952,PENDING,19599.18,2.0,CARD,47,M,1979
B1678,b9c57b306024c4d4,6F240,IndiGo,DEL-HYD,DEL,HYD,2026-04-18 15:31:41.704,2026-04-18 19:56:41.704,265.0,False,False,2025-12-31 11:37:36.952,PENDING,3831.88,1.0,NETBANKING,49,M,1977
B1679,c7f5d19f3c952d02,6F257,IndiGo,MAA-CCU,MAA,CCU,2026-04-18 16:04:41.704,2026-04-18 19:55:41.704,231.0,False,False,2025-08-17 11:37:36.952,CANCELLED,,,,34,M,1992
B1680,290fc50fb7ac68a1,AI253,Air India,BLR-BOM,BLR,BOM,2026-04-18 16:13:41.704,2026-04-18 19:51:41.704,218.0,False,False,2026-03-19 11:37:36.952,UNKNOWN,,,,84,M,1942
B1681,92d19a95862973a0,SJ135,SpiceJet,MAA-CCU,MAA,CCU,2026-04-18 16:03:41.702,2026-04-18 19:48:41.702,225.0,False,False,2026-04-02 11:37:36.952,CANCELLED,26057.93,2.0,NETBANKING,13,M,2013
B1682,e50841aff0b842e0,UK112,Vistara,CCU-DEL,CCU,DEL,2026-04-18 17:05:41.702,2026-04-18 19:47:41.702,162.0,False,False,2025-07-10 11:37:36.952,CANCELLED,2916.86,1.0,CARD,58,M,1968
B1683,106e87a46f7605bb,AI050,Air India,BLR-BOM,BLR,BOM,2026-04-18 17:07:41.701,2026-04-18 19:42:41.701,155.0,False,False,2025-08-07 11:37:36.952,CONFIRMED,19349.760000000002,2.0,NETBANKING,58,M,1968
B1684,0e52b3623a225adc,UK060,Vistara,BLR-CCU,BLR,CCU,2026-04-18 16:09:41.701,2026-04-18 19:42:41.701,213.0,False,False,2025-11-18 11:37:36.952,PENDING,,,,27,F,1999
B1685,123257234775cf74,SJ183,SpiceJet,CCU-DEL,CCU,DEL,2026-04-18 17:44:41.703,2026-04-18 19:40:41.703,116.0,False,False,2025-05-15 11:37:36.952,CANCELLED,12700.44,2.0,NETBANKING,82,F,1944
B1686,009b617c11bd25ca,UK138,Vistara,DEL-BLR,DEL,BLR,2026-04-18 16:47:41.703,2026-04-18 19:36:41.703,169.0,False,False,2025-11-17 11:37:36.952,CONFIRMED,1293.05,1.0,CARD,28,F,1998
B1687,963f576f8c7a9b12,SJ071,SpiceJet,CCU-MAA,CCU,MAA,2026-04-18 17:43:41.701,2026-04-18 19:32:41.701,109.0,False,False,2025-10-12 11:37:36.952,PENDING,,,,24,M,2002
B1688,13e43726078c3534,AI057,Air India,BOM-CCU,BOM,CCU,2026-04-18 15:53:41.701,2026-04-18 19:22:41.701,209.0,False,False,2025-06-14 11:37:36.952,PENDING,10945.95,1.0,NETBANKING,9,F,2017
B1689,526c5adaabada1b2,SJ151,SpiceJet,BOM-CCU,BOM,CCU,2026-04-18 17:44:41.702,2026-04-18 19:16:41.702,92.0,False,False,2025-07-10 11:37:36.952,CANCELLED,8030.27,1.0,CARD,60,F,1966
B1690,5c048abf5fb1eb0b,SJ144,SpiceJet,BLR-BOM,BLR,BOM,2026-04-18 15:35:41.702,2026-04-18 19:12:41.702,217.0,False,False,2025-06-28 11:37:36.952,PENDING,7675.73,1.0,UPI,23,F,2003
B1691,23842e315c6950b4,SJ087,SpiceJet,BOM-DEL,BOM,DEL,2026-04-18 14:20:41.702,2026-04-18 19:09:41.702,289.0,False,False,2026-01-23 11:37:36.952,PENDING,10442.06,1.0,UPI,67,M,1959
B1692,561ffd8a085a043e,SJ066,SpiceJet,HYD-CCU,HYD,CCU,2026-04-18 17:47:41.701,2026-04-18 19:03:41.701,76.0,False,False,2026-04-02 11:37:36.952,CONFIRMED,,,,15,F,2011
B1693,fb359ef7aaea5fda,AI247,Air India,BOM-CCU,BOM,CCU,2026-04-18 15:58:41.704,2026-04-18 19:02:41.704,184.0,False,False,2026-01-02 11:37:36.952,CONFIRMED,,,,65,F,1961
B1694,6224419ee878b493,SJ102,SpiceJet,MAA-CCU,MAA,CCU,2026-04-18 17:26:41.702,2026-04-18 18:58:41.702,92.0,False,False,2026-04-01 11:37:36.952,PENDING,7153.610000000001,2.0,CARD,14,F,2012
B1695,3ddc9c5ac1d7a20e,6F252,IndiGo,MAA-BLR,MAA,BLR,2026-04-18 14:25:41.701,2026-04-18 18:52:41.701,267.0,False,False,2026-04-13 11:37:36.952,CONFIRMED,5969.93,1.0,NETBANKING,56,M,1970
B1696,e6db767f5756d982,6F055,IndiGo,DEL-CCU,DEL,CCU,2026-04-18 16:21:41.701,2026-04-18 18:49:41.701,148.0,False,False,2025-11-28 11:37:36.952,PENDING,,,,9,F,2017
B1697,c20773f884406550,AI204,Air India,CCU-MAA,CCU,MAA,2026-04-18 13:40:41.703,2026-04-18 18:38:41.703,298.0,False,False,2025-11-12 11:37:36.952,CANCELLED,,,,5,M,2021
B1698,69117f49cca0da1f,AI016,Air India,BOM-CCU,BOM,CCU,2026-04-18 14:15:41.701,2026-04-18 18:38:41.701,263.0,False,False,2026-02-02 11:37:36.952,CONFIRMED,8023.98,1.0,NETBANKING,15,M,2011
B1699,4678c64d0cedb82f,AI209,Air India,BLR-CCU,BLR,CCU,2026-04-18 17:25:41.703,2026-04-18 18:37:41.703,72.0,False,False,2025-12-11 11:37:36.952,PENDING,31303.1,4.0,NETBANKING,86,F,1940
B1700,42c46d7cf18e0e31,SJ211,SpiceJet,MAA-BOM,MAA,BOM,2026-04-18 16:22:41.703,2026-04-18 18:34:41.703,132.0,False,False,2026-01-04 11:37:36.952,PENDING,6028.27,1.0,CARD,9,M,2017
B1701,17cf266880804993,6F103,IndiGo,CCU-MAA,CCU,MAA,2026-04-18 15:37:41.702,2026-04-18 18:32:41.702,175.0,False,False,2025-10-16 11:37:36.952,CONFIRMED,,,,19,M,2007
B1702,807f14fd79b71e6e,UK182,Vistara,HYD-CCU,HYD,CCU,2026-04-18 14:19:41.703,2026-04-18 18:25:41.703,246.0,False,False,2025-04-22 11:37:36.952,CONFIRMED,21487.53,2.0,NETBANKING,44,M,1982
B1703,e6caeb3d409e8308,6F264,IndiGo,DEL-HYD,DEL,HYD,2026-04-18 14:03:41.701,2026-04-18 18:23:41.701,260.0,False,False,2025-12-25 11:37:36.952,CANCELLED,11995.2,2.0,NETBANKING,58,M,1968
B1704,ecb6e31aa8a573e7,6F027,IndiGo,BLR-DEL,BLR,DEL,2026-04-18 16:52:41.701,2026-04-18 18:21:41.701,89.0,False,False,2025-07-23 11:37:36.952,PENDING,13993.49,1.0,NETBANKING,26,M,2000
B1705,d83b7934064962ca,UK198,Vistara,DEL-BLR,DEL,BLR,2026-04-18 16:43:41.703,2026-04-18 18:18:41.703,95.0,False,False,2026-01-31 11:37:36.952,CANCELLED,20858.789999999997,4.0,UPI,50,F,1976
B1706,8c1eca76bf2f812b,6F171,IndiGo,DEL-BLR,DEL,BLR,2026-04-18 17:03:41.703,2026-04-18 18:12:41.703,69.0,False,False,2025-09-07 11:37:36.952,CANCELLED,,,,54,M,1972
B1707,e07b55070a1918e9,AI004,Air India,HYD-MAA,HYD,MAA,2026-04-18 13:58:41.701,2026-04-18 18:12:41.701,254.0,False,False,2025-07-05 11:37:36.952,CANCELLED,,,,44,M,1982
B1708,7d25e999d12454ea,6F157,IndiGo,MAA-CCU,MAA,CCU,2026-04-18 16:37:41.703,2026-04-18 18:04:41.703,87.0,False,False,2025-11-22 11:37:36.952,CONFIRMED,,,,64,M,1962
B1709,3bda59ad52055493,AI018,Air India,BOM-CCU,BOM,CCU,2026-04-18 13:12:41.701,2026-04-18 18:04:41.701,292.0,False,False,2025-10-03 11:37:36.952,CANCELLED,,,,2,F,2024
B1710,40a58e4bd2bf4bcc,UK098,Vistara,CCU-DEL,CCU,DEL,2026-04-18 13:38:41.702,2026-04-18 17:54:41.702,256.0,False,False,2025-08-05 11:37:36.952,CONFIRMED,12059.65,1.0,CARD,48,F,1978
B1711,3bae6fb96891695e,6F167,IndiGo,BLR-BOM,BLR,BOM,2026-04-18 16:26:41.703,2026-04-18 17:50:41.703,84.0,False,False,2026-01-29 11:37:36.952,UNKNOWN,,,,51,M,1975
B1712,45a846443f13e25a,AI228,Air India,BLR-BOM,BLR,BOM,2026-04-18 13:16:41.703,2026-04-18 17:44:41.703,268.0,False,False,2025-09-06 11:37:36.952,CANCELLED,,,,60,F,1966
B1713,034fa60c08188a28,SJ242,SpiceJet,BLR-HYD,BLR,HYD,2026-04-18 14:55:41.704,2026-04-18 17:42:41.704,167.0,False,False,2025-08-31 11:37:36.952,CANCELLED,,,,19,F,2007
B1714,1db956c9f2599758,6F227,IndiGo,MAA-BOM,MAA,BOM,2026-04-18 13:16:41.704,2026-04-18 17:41:41.704,265.0,False,False,2025-12-11 11:37:36.952,PENDING,5064.12,1.0,NETBANKING,63,F,1963
B1715,3e96d8f6aa3feb4b,6F037,IndiGo,BOM-MAA,BOM,MAA,2026-04-18 14:51:41.701,2026-04-18 17:23:41.701,152.0,False,False,2025-08-27 11:37:36.952,CANCELLED,,,,19,M,2007
B1716,8d4db45442c6a44d,6F107,IndiGo,CCU-BLR,CCU,BLR,2026-04-18 14:14:41.702,2026-04-18 17:14:42.000,180.0049666666667,False,False,2025-12-22 11:37:36.952,PENDING,,,,20,F,2006
B1717,3d09edc600a88d57,SJ125,SpiceJet,DEL-BLR,DEL,BLR,2026-04-18 14:21:41.702,2026-04-18 16:55:41.702,154.0,False,False,2025-11-06 11:37:36.952,CANCELLED,2408.2200000000003,2.0,UPI,22,M,2004
B1718,c22133ebc0dc17db,UK117,Vistara,BLR-BOM,BLR,BOM,2026-04-18 13:17:41.702,2026-04-18 16:54:41.702,217.0,False,False,2025-06-17 11:37:36.952,CANCELLED,18312.78,2.0,UPI,23,M,2003
B1719,c4fc623d7eb73c80,6F192,IndiGo,CCU-BLR,CCU,BLR,2026-04-18 12:20:41.703,2026-04-18 16:45:41.703,265.0,False,False,2025-11-12 11:37:36.952,CANCELLED,5781.1,1.0,UPI,66,M,1960
B1720,6133f37eca63509d,AI201,Air India,BLR-CCU,BLR,CCU,2026-04-18 15:19:41.703,2026-04-18 16:40:41.703,81.0,False,False,2025-11-27 11:37:36.952,CANCELLED,5194.3,1.0,NETBANKING,17,M,2009
B1721,88830506e31152d7,SJ126,SpiceJet,DEL-BLR,DEL,BLR,2026-04-18 13:47:41.702,2026-04-18 16:31:41.702,164.0,False,False,2026-03-25 11:37:36.952,PENDING,,,,65,F,1961
B1722,4ddc3580b5729552,AI177,Air India,CCU-HYD,CCU,HYD,2026-04-18 14:11:41.703,2026-04-18 16:26:41.703,135.0,False,False,2026-02-10 11:37:36.952,PENDING,8025.265,1.0,CARD,49,M,1977
B1723,4812d9fb8d8dac54,AI092,Air India,CCU-BOM,CCU,BOM,2026-04-18 13:36:41.702,2026-04-18 16:20:41.702,164.0,False,False,2025-12-23 11:37:36.952,CANCELLED,,,,73,M,1953
B1724,6d00fdedbfb251f3,6F076,IndiGo,CCU-HYD,CCU,HYD,2026-04-18 15:35:41.702,2026-04-18 16:20:41.702,45.0,False,False,2025-10-10 11:37:36.952,CANCELLED,10484.53,1.0,UPI,17,M,2009
B1725,c2589efb598782d4,AI185,Air India,CCU-BOM,CCU,BOM,2026-04-18 12:16:41.703,2026-04-18 16:18:41.703,242.0,False,False,2025-04-29 11:37:36.952,PENDING,8158.17,1.0,NETBANKING,22,M,2004
B1726,b0f89d0f25ad8e07,AI055,Air India,CCU-BOM,CCU,BOM,2026-04-18 14:39:41.701,2026-04-18 16:18:41.701,99.0,False,False,2025-05-14 11:37:36.952,CONFIRMED,10313.45,2.0,UPI,79,M,1947
B1727,ec3e560f8b7baa0c,6F222,IndiGo,HYD-MAA,HYD,MAA,2026-04-18 14:01:41.704,2026-04-18 16:11:41.704,130.0,False,False,2026-03-15 11:37:36.952,CONFIRMED,,,,4,F,2022
B1728,9448e7b2d10290fe,AI090,Air India,MAA-CCU,MAA,CCU,2026-04-18 13:37:41.702,2026-04-18 16:11:41.702,154.0,False,False,2025-12-12 11:37:36.952,CONFIRMED,7592.89,1.0,CARD,14,F,2012
B1729,dd880b4e802c6ae9,AI183,Air India,DEL-CCU,DEL,CCU,2026-04-18 14:24:41.703,2026-04-18 16:06:41.703,102.0,False,False,2025-06-03 11:37:36.952,PENDING,2726.28,1.0,NETBANKING,44,F,1982
B1730,d072cc335ff97344,AI041,Air India,BOM-BLR,BOM,BLR,2026-04-18 14:08:41.701,2026-04-18 15:59:41.701,111.0,False,False,2025-04-29 11:37:36.952,PENDING,8158.17,1.0,NETBANKING,48,M,1978
B1731,cb6e5764219096e4,6F210,IndiGo,HYD-DEL,HYD,DEL,2026-04-18 11:51:41.703,2026-04-18 15:58:41.703,247.0,False,False,2025-07-12 11:37:36.952,CONFIRMED,1355.89,1.0,CARD,65,F,1961
B1732,eb821d2c2d86122f,AI170,Air India,HYD-DEL,HYD,DEL,2026-04-18 11:27:41.703,2026-04-18 15:50:41.703,263.0,False,False,2026-01-15 11:37:36.952,CONFIRMED,7405.96,1.0,NETBANKING,21,M,2005
B1733,2f41ac0542b8269a,SJ008,SpiceJet,HYD-BLR,HYD,BLR,2026-04-18 10:53:41.701,2026-04-18 15:48:41.701,295.0,False,False,2026-04-16 11:37:36.952,CANCELLED,10832.74,1.0,CARD,60,F,1966
B1734,106e87a46f7605bb,AI049,Air India,CCU-MAA,CCU,MAA,2026-04-18 13:35:41.701,2026-04-18 15:48:41.701,133.0,False,False,2025-09-29 11:37:36.952,PENDING,2972.66,1.0,CARD,58,M,1968
B1735,11a50ea54c7e35c0,SJ132,SpiceJet,MAA-DEL,MAA,DEL,2026-04-18 14:44:41.702,2026-04-18 15:36:41.702,52.0,False,False,2025-05-12 11:37:36.952,PENDING,10012.48,1.0,NETBANKING,32,M,1994
B1736,ff1ae6066fe7a831,SJ224,SpiceJet,DEL-MAA,DEL,MAA,2026-04-18 12:41:41.703,2026-04-18 15:33:41.703,172.0,False,False,2026-01-26 11:37:36.952,CONFIRMED,8590.58,2.0,CARD,42,M,1984
B1737,8d7b6429fbf7f27e,UK038,Vistara,MAA-CCU,MAA,CCU,2026-04-18 12:22:41.701,2026-04-18 15:31:41.701,189.0,False,False,2025-06-11 11:37:36.952,CONFIRMED,12049.41,1.0,CARD,4,M,2022
B1738,4678c64d0cedb82f,SJ220,SpiceJet,BOM-CCU,BOM,CCU,2026-04-18 13:45:41.703,2026-04-18 15:21:41.703,96.0,False,False,2025-08-14 11:37:36.952,PENDING,26003.14,3.0,NETBANKING,86,F,1940
B1739,d984e2b3cae0c461,6F124,IndiGo,BLR-BOM,BLR,BOM,2026-04-18 10:47:41.702,2026-04-18 15:21:41.702,274.0,False,False,2025-06-29 11:37:36.952,CANCELLED,8263.32,1.0,UPI,87,M,1939
B1740,344b4aaae14ead00,SJ164,SpiceJet,CCU-MAA,CCU,MAA,2026-04-18 13:14:41.703,2026-04-18 15:14:42.000,120.00495,False,False,2025-11-16 11:37:36.952,CONFIRMED,,,,27,M,1999
B1741,e1e9d8a1bce09295,AI026,Air India,DEL-BOM,DEL,BOM,2026-04-18 14:14:41.701,2026-04-18 15:13:41.701,59.0,False,False,2025-05-18 11:37:36.952,PENDING,4483.43,1.0,UPI,65,M,1961
B1742,9ee658df559a11dc,6F144,IndiGo,HYD-BOM,HYD,BOM,2026-04-18 11:56:41.702,2026-04-18 15:11:41.702,195.0,False,False,2025-09-14 11:37:36.952,PENDING,,,,2,M,2024
B1743,11968c8ce146b6d4,6F137,IndiGo,CCU-DEL,CCU,DEL,2026-04-18 10:45:41.702,2026-04-18 15:01:41.702,256.0,False,False,2025-11-21 11:37:36.952,UNKNOWN,4062.36,1.0,NETBANKING,62,F,1964
B1744,a4592435b26a6ed3,UK139,Vistara,BLR-MAA,BLR,MAA,2026-04-18 10:54:41.703,2026-04-18 14:31:41.703,217.0,False,False,2025-09-05 11:37:36.952,CANCELLED,9225.17,1.0,CARD,4,F,2022
B1745,d9bdcd51d5f46d66,UK139,Vistara,BLR-MAA,BLR,MAA,2026-04-18 10:54:41.703,2026-04-18 14:31:41.703,217.0,False,False,2025-05-20 11:37:36.952,CONFIRMED,10889.16,1.0,NETBANKING,47,F,1979
B1746,bcd32f457ecec44d,SJ140,SpiceJet,HYD-DEL,HYD,DEL,2026-04-18 10:42:41.702,2026-04-18 14:30:41.702,228.0,False,False,2025-08-31 11:37:36.952,CONFIRMED,,,,2,M,2024
B1747,a32f9d55397bdaac,6F131,IndiGo,BLR-HYD,BLR,HYD,2026-04-18 10:22:41.702,2026-04-18 14:20:41.702,238.0,False,False,2025-04-20 11:37:36.952,CONFIRMED,,,,19,M,2007
B1748,3abaef853c86b3c8,UK128,Vistara,BOM-CCU,BOM,CCU,2026-04-18 11:22:41.702,2026-04-18 14:11:41.702,169.0,False,False,2025-11-15 11:37:36.952,PENDING,13170.94,1.0,UPI,54,M,1972
B1749,af16bd55e156a37c,SJ219,SpiceJet,BOM-DEL,BOM,DEL,2026-04-18 09:32:41.703,2026-04-18 14:09:41.703,277.0,False,False,2026-02-19 11:37:36.952,CONFIRMED,,,,12,F,2014
B1750,c6aad4d7a0dba322,SJ159,SpiceJet,CCU-DEL,CCU,DEL,2026-04-18 12:22:41.703,2026-04-18 14:05:41.703,103.0,False,False,2025-09-21 11:37:36.952,PENDING,,,,8,M,2018
B1751,ea2e0bbe1c9fe30a,UK192,Vistara,HYD-DEL,HYD,DEL,2026-04-18 12:54:41.703,2026-04-18 13:54:42.000,60.00495,False,False,2025-09-19 11:37:36.952,CONFIRMED,14391.99,1.0,UPI,63,M,1963
B1752,d58ff723aeb14090,AI014,Air India,HYD-MAA,HYD,MAA,2026-04-18 10:24:41.701,2026-04-18 13:51:41.701,207.0,False,False,2025-08-13 11:37:36.952,CANCELLED,,,,62,F,1964
B1753,c57285e551c1d755,SJ152,SpiceJet,BOM-DEL,BOM,DEL,2026-04-18 12:09:41.702,2026-04-18 13:50:41.702,101.0,False,False,2025-08-08 11:37:36.952,CANCELLED,4016.57,1.0,UPI,81,F,1945
B1754,2ee8fd73388615c9,SJ060,SpiceJet,HYD-CCU,HYD,CCU,2026-04-18 08:51:41.701,2026-04-18 13:46:41.701,295.0,False,False,2026-02-11 11:37:36.952,PENDING,12013.34,1.0,UPI,75,M,1951
B1755,c9dff209184a578e,AI127,Air India,DEL-HYD,DEL,HYD,2026-04-18 10:37:41.702,2026-04-18 13:45:41.702,188.0,False,False,2026-02-17 11:37:36.952,CANCELLED,4760.39,1.0,CARD,44,M,1982
B1756,372ef04e27508ef7,SJ096,SpiceJet,DEL-HYD,DEL,HYD,2026-04-18 10:29:41.702,2026-04-18 13:45:41.702,196.0,False,False,2026-01-27 11:37:36.952,PENDING,8158.17,1.0,NETBANKING,70,F,1956
B1757,fca0869df7a31e57,AI215,Air India,BLR-DEL,BLR,DEL,2026-04-18 12:07:41.703,2026-04-18 13:43:41.703,96.0,False,False,2025-04-24 11:37:36.952,PENDING,1608.39,1.0,CARD,36,F,1990
B1758,c93c327ddaa46d2b,UK009,Vistara,BOM-DEL,BOM,DEL,2026-04-18 11:34:41.701,2026-04-18 13:41:41.701,127.0,False,False,2026-02-28 11:37:36.952,CANCELLED,8260.94,1.0,NETBANKING,88,F,1938
B1759,289e41e484e21e71,AI171,Air India,MAA-BLR,MAA,BLR,2026-04-18 10:51:41.703,2026-04-18 13:34:41.703,163.0,False,False,2025-10-26 11:37:36.952,PENDING,10926.0,2.0,UPI,74,M,1952
B1760,bf5bf9aef591efa2,UK151,Vistara,BOM-CCU,BOM,CCU,2026-04-18 10:11:41.703,2026-04-18 13:30:41.703,199.0,False,False,2026-01-14 11:37:36.952,CANCELLED,12133.03,1.0,NETBANKING,59,M,1967
B1761,2f41ac0542b8269a,AI099,Air India,BLR-BOM,BLR,BOM,2026-04-18 11:07:41.702,2026-04-18 13:29:41.702,142.0,False,False,2025-05-22 11:37:36.952,CONFIRMED,35672.39,4.0,NETBANKING,60,F,1966
B1762,27cd849213c67da5,UK050,Vistara,BOM-DEL,BOM,DEL,2026-04-18 12:39:41.701,2026-04-18 13:18:41.701,39.0,False,False,2025-06-04 11:37:36.952,CONFIRMED,13897.13,2.0,NETBANKING,85,F,1941
B1763,05469931b03a72c1,UK092,Vistara,MAA-BLR,MAA,BLR,2026-04-18 11:42:41.702,2026-04-18 13:17:41.702,95.0,False,False,2025-10-06 11:37:36.952,CANCELLED,8025.265,1.0,CARD,41,M,1985
B1764,9b4f1a814b01ba1f,SJ058,SpiceJet,DEL-HYD,DEL,HYD,2026-04-18 08:58:41.701,2026-04-18 13:14:41.701,256.0,False,False,2025-06-20 11:37:36.952,CANCELLED,10528.45,1.0,NETBANKING,53,F,1973
B1765,8803ac006fa1fec7,SJ090,SpiceJet,HYD-MAA,HYD,MAA,2026-04-18 10:24:41.702,2026-04-18 13:11:41.702,167.0,False,False,2025-12-21 11:37:36.952,CANCELLED,23925.48,2.0,NETBANKING,19,F,2007
B1766,3b84cf03ce3834fb,6F173,IndiGo,BOM-CCU,BOM,CCU,2026-04-18 12:19:41.703,2026-04-18 13:08:41.703,49.0,False,False,2025-09-07 11:37:36.952,CANCELLED,,,,10,M,2016
B1767,9f97c0344f7d471b,AI186,Air India,DEL-BOM,DEL,BOM,2026-04-18 11:11:41.703,2026-04-18 13:05:41.703,114.0,False,False,2025-11-19 11:37:36.952,CONFIRMED,10462.21,2.0,UPI,1,M,2025
B1768,48c0834a9b6ee808,AI130,Air India,BOM-BLR,BOM,BLR,2026-04-18 10:18:41.702,2026-04-18 12:59:41.702,161.0,False,False,2026-03-23 11:37:36.952,PENDING,2835.7,1.0,NETBANKING,4,F,2022
B1769,e67a9b5612b6c31a,SJ111,SpiceJet,DEL-MAA,DEL,MAA,2026-04-18 11:47:41.702,2026-04-18 12:59:41.702,72.0,False,False,2025-11-23 11:37:36.952,UNKNOWN,2465.29,2.0,UPI,5,F,2021
B1770,c7f5d19f3c952d02,6F203,IndiGo,BLR-HYD,BLR,HYD,2026-04-18 11:05:41.703,2026-04-18 12:56:41.703,111.0,False,False,2025-08-04 11:37:36.952,CONFIRMED,,,,34,M,1992
B1771,95e85eef9251d1cc,6F138,IndiGo,HYD-BLR,HYD,BLR,2026-04-18 09:49:41.702,2026-04-18 12:53:41.702,184.0,False,False,2025-05-24 11:37:36.952,PENDING,6761.89,1.0,NETBANKING,26,F,2000
B1772,ce17416f68c5dc3a,6F109,IndiGo,BLR-BOM,BLR,BOM,2026-04-18 12:00:41.702,2026-04-18 12:51:41.702,51.0,False,False,2025-08-29 11:37:36.952,UNKNOWN,,,,49,F,1977
B1773,833f8118db156c37,AI074,Air India,CCU-BOM,CCU,BOM,2026-04-18 12:03:41.702,2026-04-18 12:50:41.702,47.0,False,False,2026-01-01 11:37:36.952,PENDING,11699.42,1.0,NETBANKING,62,M,1964
B1774,284027bb6d7290ea,UK161,Vistara,BLR-BOM,BLR,BOM,2026-04-18 10:05:41.703,2026-04-18 12:48:41.703,163.0,False,False,2026-01-07 11:37:36.952,CANCELLED,,,,12,M,2014
B1775,6224419ee878b493,AI008,Air India,BOM-CCU,BOM,CCU,2026-04-18 10:43:41.701,2026-04-18 12:43:42.000,120.00498333333333,False,False,2025-06-19 11:37:36.952,CANCELLED,13185.54,1.0,UPI,14,F,2012
B1776,289e41e484e21e71,UK121,Vistara,BLR-BOM,BLR,BOM,2026-04-18 08:36:41.702,2026-04-18 12:36:41.702,240.0,False,False,2025-12-27 11:37:36.952,CANCELLED,16692.14,2.0,UPI,74,M,1952
B1777,a6ab24326f6d3055,6F154,IndiGo,CCU-DEL,CCU,DEL,2026-04-18 11:26:41.703,2026-04-18 12:23:41.703,57.0,False,False,2025-04-26 11:37:36.952,CONFIRMED,9927.3,1.0,UPI,24,M,2002
B1778,6d221731af99da37,6F161,IndiGo,MAA-DEL,MAA,DEL,2026-04-18 11:24:41.703,2026-04-18 12:21:41.703,57.0,False,False,2025-08-01 11:37:36.952,CONFIRMED,,,,25,M,2001
B1779,1525f39a0c47cd5a,6F153,IndiGo,CCU-BLR,CCU,BLR,2026-04-18 08:23:41.703,2026-04-18 12:20:41.703,237.0,False,False,2026-02-01 11:37:36.952,PENDING,8876.97,1.0,UPI,11,F,2015
B1780,f8c79141004d50fd,6F225,IndiGo,HYD-CCU,HYD,CCU,2026-04-18 07:33:41.704,2026-04-18 12:12:41.704,279.0,False,False,2026-02-10 11:37:36.952,PENDING,,,,71,M,1955
B1781,159f2646759f3e0f,AI191,Air India,BLR-MAA,BLR,MAA,2026-04-18 07:57:41.703,2026-04-18 11:58:41.703,241.0,False,False,2026-02-09 11:37:36.952,PENDING,,,,33,M,1993
B1782,6b8333d563ea3aa1,AI218,Air India,BOM-CCU,BOM,CCU,2026-04-18 08:55:41.703,2026-04-18 11:55:41.703,180.0,False,False,2025-08-18 11:37:36.952,CONFIRMED,4755.95,1.0,NETBANKING,21,F,2005
B1783,48c0834a9b6ee808,6F267,IndiGo,DEL-MAA,DEL,MAA,2026-04-18 07:56:41.703,2026-04-18 11:49:41.703,233.0,False,False,2025-09-28 11:37:36.952,PENDING,8201.65,1.0,NETBANKING,4,F,2022
B1784,06038f70d3e3718a,UK125,Vistara,HYD-BOM,HYD,BOM,2026-04-18 06:58:41.702,2026-04-18 11:44:41.702,286.0,False,False,2025-08-20 11:37:36.952,CANCELLED,1577.5,1.0,UPI,62,M,1964
B1785,a9b279b0299cec07,6F208,IndiGo,CCU-BOM,CCU,BOM,2026-04-18 08:27:41.703,2026-04-18 11:34:41.703,187.0,False,False,2025-08-19 11:37:36.952,PENDING,2489.15,1.0,UPI,82,F,1944
B1786,7e7aaedb2c8f8efe,6F119,IndiGo,DEL-BOM,DEL,BOM,2026-04-18 09:19:41.702,2026-04-18 11:33:41.702,134.0,False,False,2026-02-12 11:37:36.952,CANCELLED,14801.3,1.0,CARD,8,M,2018
B1787,38df7e91c9f5f405,AI063,Air India,HYD-BLR,HYD,BLR,2026-04-18 07:03:41.701,2026-04-18 11:26:41.701,263.0,False,False,2025-07-11 11:37:36.952,CONFIRMED,13330.68,3.0,CARD,30,F,1996
B1788,c267a45de215860d,UK016,Vistara,DEL-CCU,DEL,CCU,2026-04-18 10:42:41.701,2026-04-18 11:22:41.701,40.0,False,False,2025-06-05 11:37:36.952,CANCELLED,,,,68,F,1958
B1789,b3c90d848c23e051,6F048,IndiGo,HYD-DEL,HYD,DEL,2026-04-18 10:27:41.701,2026-04-18 11:18:41.701,51.0,False,False,2026-01-13 11:37:36.952,CANCELLED,11758.27,1.0,NETBANKING,2,F,2024
B1790,8da3ee1fb9c2c986,6F266,IndiGo,CCU-MAA,CCU,MAA,2026-04-18 09:49:41.703,2026-04-18 11:17:41.703,88.0,False,False,2025-04-23 11:37:36.952,CANCELLED,4971.8,2.0,CARD,62,F,1964
B1791,9788ad608ecc0e28,AI167,Air India,BLR-DEL,BLR,DEL,2026-04-18 06:43:41.703,2026-04-18 11:10:41.703,267.0,False,False,2026-02-24 11:37:36.952,CONFIRMED,,,,46,F,1980
B1792,69d20f5618491b72,6F165,IndiGo,BLR-BOM,BLR,BOM,2026-04-18 10:11:41.703,2026-04-18 11:09:41.703,58.0,False,False,2026-01-17 11:37:36.952,CONFIRMED,,,,82,M,1944
B1793,40e0d00370b5c38b,SJ104,SpiceJet,HYD-DEL,HYD,DEL,2026-04-18 10:00:41.702,2026-04-18 11:00:42.000,60.00496666666666,False,False,2025-11-25 11:37:36.952,CONFIRMED,12515.25,1.0,NETBANKING,64,M,1962
B1794,476a93cdf5bd6756,UK160,Vistara,BLR-BOM,BLR,BOM,2026-04-18 06:42:41.703,2026-04-18 10:58:41.703,256.0,False,False,2025-06-26 11:37:36.952,CONFIRMED,,,,38,F,1988
B1795,ce735ebbde7940dc,UK160,Vistara,BLR-BOM,BLR,BOM,2026-04-18 06:42:41.703,2026-04-18 10:58:41.703,256.0,False,False,2026-03-21 11:37:36.952,PENDING,11714.65,1.0,CARD,4,F,2022
B1796,5847192cd472f2e3,SJ230,SpiceJet,BOM-CCU,BOM,CCU,2026-04-18 06:22:41.704,2026-04-18 10:57:41.704,275.0,False,False,2025-11-28 11:37:36.952,CONFIRMED,,,,88,F,1938
B1797,372ae721ff99c0fb,AI042,Air India,CCU-DEL,CCU,DEL,2026-04-18 09:53:41.701,2026-04-18 10:57:41.701,64.0,False,False,2025-06-03 11:37:36.952,CANCELLED,,,,24,M,2002
B1798,70ea8f084cb50f09,UK197,Vistara,BLR-HYD,BLR,HYD,2026-04-18 09:22:41.703,2026-04-18 10:54:41.703,92.0,False,False,2025-05-16 11:37:36.952,CONFIRMED,22819.045000000002,2.0,UPI,24,M,2002
B1799,063d495601f24407,AI107,Air India,HYD-CCU,HYD,CCU,2026-04-18 10:03:41.702,2026-04-18 10:49:41.702,46.0,False,False,2026-02-05 11:37:36.952,PENDING,,,,33,F,1993
B1800,29bdac9ced157063,SJ128,SpiceJet,CCU-BLR,CCU,BLR,2026-04-18 07:39:41.702,2026-04-18 10:42:41.702,183.0,False,False,2025-08-22 11:37:36.952,PENDING,4478.56,1.0,NETBANKING,47,F,1979
B1801,321ec25c4835d09a,6F121,IndiGo,HYD-MAA,HYD,MAA,2026-04-18 05:44:41.702,2026-04-18 10:42:41.702,298.0,False,False,2026-04-14 11:37:36.952,PENDING,,,,21,F,2005
B1802,40c53447f702cfd8,AI111,Air India,MAA-CCU,MAA,CCU,2026-04-18 07:40:41.702,2026-04-18 10:39:41.702,179.0,False,False,2025-06-30 11:37:36.952,UNKNOWN,2072.55,1.0,UPI,84,F,1942
B1803,0bbb5474e2bb34c6,SJ137,SpiceJet,CCU-DEL,CCU,DEL,2026-04-18 06:08:41.702,2026-04-18 10:14:41.702,246.0,False,False,2026-02-21 11:37:36.952,CONFIRMED,5663.2,1.0,UPI,59,F,1967
B1804,63f9016499dab8c5,AI232,Air India,DEL-BLR,DEL,BLR,2026-04-18 06:43:41.704,2026-04-18 10:13:41.704,210.0,False,False,2025-11-12 11:37:36.952,CONFIRMED,9496.04,1.0,UPI,35,M,1991
B1805,40e0d00370b5c38b,SJ113,SpiceJet,BLR-BOM,BLR,BOM,2026-04-18 08:10:41.702,2026-04-18 10:10:42.000,120.00496666666666,False,False,2025-10-26 11:37:36.952,CONFIRMED,8025.265,1.0,CARD,64,M,1962
B1806,7d7e17eef95a38c0,AI117,Air India,HYD-BLR,HYD,BLR,2026-04-18 08:18:41.702,2026-04-18 10:09:41.702,111.0,False,False,2025-08-02 11:37:36.952,CANCELLED,14488.78,1.0,NETBANKING,28,F,1998
B1807,7c5d3e17850db741,6F185,IndiGo,CCU-DEL,CCU,DEL,2026-04-18 07:49:41.703,2026-04-18 10:08:41.703,139.0,False,False,2025-06-28 11:37:36.952,CANCELLED,1759.8,1.0,UPI,41,F,1985
B1808,45671d5f4159fe16,AI194,Air India,MAA-BLR,MAA,BLR,2026-04-18 05:09:41.703,2026-04-18 09:38:41.703,269.0,False,False,2026-01-26 11:37:36.952,PENDING,,,,51,F,1975
B1809,15c9b0cb665eed41,UK045,Vistara,MAA-HYD,MAA,HYD,2026-04-18 07:43:41.701,2026-04-18 09:28:41.701,105.0,False,False,2026-04-09 11:37:36.952,PENDING,2114.98,1.0,CARD,43,M,1983
B1810,33d270b64b3686df,6F228,IndiGo,HYD-MAA,HYD,MAA,2026-04-18 04:36:41.704,2026-04-18 09:27:41.704,291.0,False,False,2026-03-20 11:37:36.952,CONFIRMED,,,,48,M,1978
B1811,38cb3009474acfa5,SJ190,SpiceJet,BOM-CCU,BOM,CCU,2026-04-18 04:57:41.703,2026-04-18 09:25:41.703,268.0,False,False,2026-04-04 11:37:36.952,CANCELLED,9625.29,1.0,NETBANKING,69,F,1957
B1812,470473b9916b1b9e,AI156,Air India,CCU-BOM,CCU,BOM,2026-04-18 07:39:41.703,2026-04-18 09:22:41.703,103.0,False,False,2026-01-06 11:37:36.952,CANCELLED,1736.99,1.0,UPI,19,M,2007
B1813,951303ec46fcbedd,AI104,Air India,MAA-HYD,MAA,HYD,2026-04-18 07:35:41.702,2026-04-18 09:20:41.702,105.0,False,False,2025-04-21 11:37:36.952,UNKNOWN,,,,32,M,1994
B1814,02d8d12cb6c6a7db,UK033,Vistara,HYD-DEL,HYD,DEL,2026-04-18 04:34:41.701,2026-04-18 09:18:41.701,284.0,False,False,2025-06-22 11:37:36.952,CONFIRMED,9940.19,2.0,UPI,8,F,2018
B1815,6237607635a76608,UK137,Vistara,BOM-MAA,BOM,MAA,2026-04-18 07:04:41.703,2026-04-18 09:14:41.703,130.0,False,False,2025-05-01 11:37:36.952,PENDING,6355.84,2.0,UPI,60,M,1966
B1816,448336dc15ee2da0,UK214,Vistara,HYD-DEL,HYD,DEL,2026-04-18 05:30:41.704,2026-04-18 09:10:41.704,220.0,False,False,2025-06-21 11:37:36.952,PENDING,12921.11,2.0,UPI,18,M,2008
B1817,a9aaa900b0ad06f6,6F033,IndiGo,DEL-HYD,DEL,HYD,2026-04-18 07:08:41.701,2026-04-18 09:08:41.701,120.0,False,False,2025-06-07 11:37:36.952,PENDING,19018.62,2.0,CARD,71,F,1955
B1818,ab58a0464074945f,AI114,Air India,CCU-DEL,CCU,DEL,2026-04-18 07:48:41.702,2026-04-18 09:03:41.702,75.0,False,False,2025-11-07 11:37:36.952,CONFIRMED,4317.72,1.0,NETBANKING,60,M,1966
B1819,9fe4817e723062fc,AI017,Air India,CCU-BOM,CCU,BOM,2026-04-18 05:15:41.701,2026-04-18 08:48:41.701,213.0,False,False,2026-01-19 11:37:36.952,CONFIRMED,,,,24,M,2002
B1820,f9f7f6b2641f2d72,6F244,IndiGo,MAA-CCU,MAA,CCU,2026-04-18 07:07:41.704,2026-04-18 08:31:41.704,84.0,False,False,2025-12-01 11:37:36.952,PENDING,22474.87,2.0,UPI,60,M,1966
B1821,7cf3ea7c2593cfcc,6F160,IndiGo,MAA-BLR,MAA,BLR,2026-04-18 04:09:41.703,2026-04-18 08:26:41.703,257.0,False,False,2025-11-27 11:37:36.952,PENDING,21138.875,3.0,CARD,13,F,2013
B1822,ce65451bc3ef06d5,6F088,IndiGo,CCU-BLR,CCU,BLR,2026-04-18 05:51:41.702,2026-04-18 08:22:41.702,151.0,False,False,2026-01-05 11:37:36.952,CANCELLED,7545.61,1.0,NETBANKING,16,F,2010
B1823,f92830d7107c0bc9,6F155,IndiGo,DEL-BLR,DEL,BLR,2026-04-18 07:47:41.703,2026-04-18 08:20:41.703,33.0,False,False,2025-11-26 11:37:36.952,CANCELLED,7854.23,1.0,UPI,66,M,1960
B1824,50de765a3b30d631,AI095,Air India,DEL-MAA,DEL,MAA,2026-04-18 05:00:41.702,2026-04-18 08:18:41.702,198.0,False,False,2026-04-15 11:37:36.952,PENDING,10599.9,1.0,CARD,75,M,1951
B1825,2e4e03a32cf11fbb,6F139,IndiGo,HYD-MAA,HYD,MAA,2026-04-18 04:55:41.702,2026-04-18 08:17:41.702,202.0,False,False,2025-05-17 11:37:36.952,PENDING,5950.28,1.0,CARD,63,F,1963
B1826,f48c85afdbab94c8,6F101,IndiGo,BOM-MAA,BOM,MAA,2026-04-18 03:18:41.702,2026-04-18 08:15:41.702,297.0,False,False,2025-07-11 11:37:36.952,CANCELLED,5128.12,1.0,CARD,42,F,1984
B1827,655c75e21c2b1884,AI054,Air India,HYD-CCU,HYD,CCU,2026-04-18 03:44:41.701,2026-04-18 08:10:41.701,266.0,False,False,2025-06-23 11:37:36.952,PENDING,26463.98,2.0,NETBANKING,86,M,1940
B1828,f8c79141004d50fd,SJ094,SpiceJet,MAA-HYD,MAA,HYD,2026-04-18 03:23:41.702,2026-04-18 08:07:41.702,284.0,False,False,2025-05-18 11:37:36.952,CANCELLED,9418.44,1.0,UPI,71,M,1955
B1829,2efc5c65b1321026,6F217,IndiGo,BLR-BOM,BLR,BOM,2026-04-18 05:13:41.704,2026-04-18 08:01:41.704,168.0,False,False,2026-01-15 11:37:36.952,CANCELLED,4847.06,1.0,CARD,24,M,2002
B1830,7c5d3e17850db741,6F100,IndiGo,BOM-BLR,BOM,BLR,2026-04-18 04:40:41.702,2026-04-18 07:49:41.702,189.0,False,False,2026-04-15 11:37:36.952,CANCELLED,12651.33,1.0,CARD,41,F,1985
B1831,32e05329b5735bda,6F081,IndiGo,MAA-BLR,MAA,BLR,2026-04-18 06:04:41.702,2026-04-18 07:43:41.702,99.0,False,False,2026-02-05 11:37:36.952,CONFIRMED,25995.510000000002,2.0,CARD,62,F,1964
B1832,538817cd1704cf08,SJ156,SpiceJet,BOM-DEL,BOM,DEL,2026-04-18 06:59:41.703,2026-04-18 07:34:41.703,35.0,False,False,2025-06-17 11:37:36.952,CONFIRMED,11197.41,1.0,NETBANKING,38,M,1988
B1833,470473b9916b1b9e,6F060,IndiGo,DEL-BLR,DEL,BLR,2026-04-18 05:29:41.701,2026-04-18 07:29:42.000,120.00498333333333,False,False,2025-06-07 11:37:36.952,PENDING,5872.19,1.0,UPI,19,M,2007
B1834,c0c0723936f777f8,UK129,Vistara,HYD-MAA,HYD,MAA,2026-04-18 06:29:41.702,2026-04-18 07:29:42.000,60.00496666666666,False,False,2025-08-14 11:37:36.952,CANCELLED,7570.53,1.0,NETBANKING,23,M,2003
B1835,f9a5439b865f91aa,UK032,Vistara,BLR-BOM,BLR,BOM,2026-04-18 03:31:41.701,2026-04-18 07:28:41.701,237.0,False,False,2026-02-07 11:37:36.952,CONFIRMED,,,,29,M,1997
B1836,904d2a1f5f36be5e,AI166,Air India,BOM-CCU,BOM,CCU,2026-04-18 04:20:41.703,2026-04-18 07:23:41.703,183.0,False,False,2025-09-23 11:37:36.952,PENDING,,,,86,M,1940
B1837,ce466bd7691e3a4a,SJ056,SpiceJet,HYD-DEL,HYD,DEL,2026-04-18 06:11:41.701,2026-04-18 07:10:41.701,59.0,False,False,2025-10-31 11:37:36.952,PENDING,39342.91,3.0,NETBANKING,18,M,2008
B1838,7534ac268a6f081f,SJ101,SpiceJet,CCU-DEL,CCU,DEL,2026-04-18 05:17:41.702,2026-04-18 06:57:41.702,100.0,False,False,2025-06-12 11:37:36.952,PENDING,,,,12,M,2014
B1839,8d4db45442c6a44d,SJ065,SpiceJet,MAA-BLR,MAA,BLR,2026-04-18 04:10:41.701,2026-04-18 06:54:41.701,164.0,False,False,2025-05-09 11:37:36.952,PENDING,16796.17,2.0,CARD,20,F,2006
B1840,f356cc92cfc164dd,SJ100,SpiceJet,MAA-BLR,MAA,BLR,2026-04-18 03:28:41.702,2026-04-18 06:50:41.702,202.0,False,False,2025-04-19 11:37:36.952,PENDING,7085.2,1.0,CARD,1,F,2025
B1841,9ee658df559a11dc,UK011,Vistara,CCU-DEL,CCU,DEL,2026-04-18 04:41:41.701,2026-04-18 06:25:41.701,104.0,False,False,2025-10-24 11:37:36.952,CANCELLED,,,,2,M,2024
B1842,5b84569f81581ca5,6F062,IndiGo,CCU-DEL,CCU,DEL,2026-04-18 04:55:41.701,2026-04-18 06:22:41.701,87.0,False,False,2026-02-17 11:37:36.952,PENDING,9813.82,2.0,NETBANKING,30,M,1996
B1843,417ad4806f21aee4,SJ176,SpiceJet,DEL-BOM,DEL,BOM,2026-04-18 04:15:41.703,2026-04-18 06:17:41.703,122.0,False,False,2025-08-15 11:37:36.952,CANCELLED,5648.049999999999,2.0,UPI,13,M,2013
B1844,fb51c0b09ae794f8,6F120,IndiGo,BLR-BOM,BLR,BOM,2026-04-18 05:14:41.702,2026-04-18 06:14:41.702,60.0,False,False,2025-11-26 11:37:36.952,CONFIRMED,15103.875,2.0,NETBANKING,26,M,2000
B1845,1419ccf1e1c85a58,AI121,Air India,HYD-MAA,HYD,MAA,2026-04-18 02:42:41.702,2026-04-18 06:11:41.702,209.0,False,False,2026-03-05 11:37:36.952,PENDING,3147.85,1.0,UPI,46,M,1980
B1846,6aff9fea2f20d4ce,UK072,Vistara,BOM-BLR,BOM,BLR,2026-04-18 02:55:41.702,2026-04-18 05:55:42.000,180.0049666666667,False,False,2025-08-30 11:37:36.952,CONFIRMED,8100.01,1.0,UPI,89,F,1937
B1847,06bc8d92ee92081a,AI006,Air India,BOM-BLR,BOM,BLR,2026-04-18 03:04:41.701,2026-04-18 05:54:41.701,170.0,False,False,2026-04-06 11:37:36.952,CANCELLED,10999.02,1.0,UPI,36,F,1990
B1848,e8f6736196462ddf,SJ231,SpiceJet,DEL-BLR,DEL,BLR,2026-04-18 04:23:41.704,2026-04-18 05:48:41.704,85.0,False,False,2025-05-19 11:37:36.952,CANCELLED,6682.0,2.0,UPI,77,F,1949
B1849,fa069a9f7f47e29d,SJ129,SpiceJet,CCU-BOM,CCU,BOM,2026-04-18 01:48:41.702,2026-04-18 05:48:41.702,240.0,False,False,2025-06-24 11:37:36.952,UNKNOWN,,,,69,M,1957
B1850,84cbb37c255e75e7,6F110,IndiGo,HYD-DEL,HYD,DEL,2026-04-18 02:27:41.702,2026-04-18 05:48:41.702,201.0,False,False,2025-04-21 11:37:36.952,PENDING,22212.88,2.0,NETBANKING,19,M,2007
B1851,dd880b4e802c6ae9,6F231,IndiGo,HYD-MAA,HYD,MAA,2026-04-18 01:16:41.704,2026-04-18 05:43:41.704,267.0,False,False,2025-11-26 11:37:36.952,PENDING,,,,44,F,1982
B1852,ef5843130e7cccb6,6F095,IndiGo,BLR-MAA,BLR,MAA,2026-04-18 01:53:41.702,2026-04-18 05:34:41.702,221.0,False,False,2025-08-09 11:37:36.952,CONFIRMED,2491.83,1.0,CARD,3,M,2023
B1853,977beb35556da881,UK054,Vistara,BLR-BOM,BLR,BOM,2026-04-18 00:37:41.701,2026-04-18 05:30:41.701,293.0,False,False,2025-05-05 11:37:36.952,CONFIRMED,8948.88,1.0,NETBANKING,2,M,2024
B1854,872646ffb0de6d25,SJ123,SpiceJet,BOM-CCU,BOM,CCU,2026-04-18 03:57:41.702,2026-04-18 05:25:41.702,88.0,False,False,2025-08-10 11:37:36.952,CONFIRMED,33343.83,4.0,UPI,2,F,2024
B1855,f40a7de13aad6c16,6F006,IndiGo,BOM-BLR,BOM,BLR,2026-04-18 03:06:41.701,2026-04-18 05:06:42.000,120.00498333333333,False,False,2026-01-04 11:37:36.952,PENDING,21909.6,2.0,UPI,46,F,1980
B1856,742de51757204daf,UK226,Vistara,MAA-HYD,MAA,HYD,2026-04-18 03:58:41.704,2026-04-18 05:01:41.704,63.0,False,False,2025-05-04 11:37:36.952,PENDING,25660.08,2.0,NETBANKING,64,F,1962
B1857,5c048abf5fb1eb0b,AI065,Air India,MAA-BLR,MAA,BLR,2026-04-18 00:09:41.701,2026-04-18 05:00:41.701,291.0,False,False,2026-03-07 11:37:36.952,PENDING,17650.920000000002,2.0,CARD,23,F,2003
B1858,ea6bd372c44688eb,6F008,IndiGo,DEL-BOM,DEL,BOM,2026-04-18 00:14:41.701,2026-04-18 04:59:41.701,285.0,False,False,2025-11-25 11:37:36.952,UNKNOWN,,,,17,F,2009
B1859,01547c5e81c91eab,AI195,Air India,CCU-MAA,CCU,MAA,2026-04-18 02:58:41.703,2026-04-18 04:57:41.703,119.0,False,False,2025-11-11 11:37:36.952,PENDING,,,,53,F,1973
B1860,17cde7a12b22a721,UK043,Vistara,DEL-HYD,DEL,HYD,2026-04-18 00:48:41.701,2026-04-18 04:52:41.701,244.0,False,False,2025-08-01 11:37:36.952,UNKNOWN,9531.5,2.0,NETBANKING,17,M,2009
B1861,98d28ce0375e9d5d,AI125,Air India,CCU-DEL,CCU,DEL,2026-04-18 01:12:41.702,2026-04-18 04:51:41.702,219.0,False,False,2025-10-15 11:37:36.952,CONFIRMED,9044.04,1.0,UPI,47,M,1979
B1862,491cbdae607faadc,AI089,Air India,CCU-BOM,CCU,BOM,2026-04-18 04:05:41.702,2026-04-18 04:47:41.702,42.0,False,False,2025-10-05 11:37:36.952,PENDING,,,,81,F,1945
B1863,9758887bbe63f14b,UK019,Vistara,BOM-HYD,BOM,HYD,2026-04-18 03:41:41.701,2026-04-18 04:35:41.701,54.0,False,False,2026-02-12 11:37:36.952,CONFIRMED,22928.67,2.0,CARD,70,M,1956
B1864,3388b060ced10928,UK078,Vistara,BOM-HYD,BOM,HYD,2026-04-18 01:03:41.702,2026-04-18 04:32:41.702,209.0,False,False,2025-09-27 11:37:36.952,CANCELLED,10081.04,1.0,UPI,51,F,1975
B1865,0605613969d2d8d3,SJ009,SpiceJet,CCU-BLR,CCU,BLR,2026-04-18 02:48:41.701,2026-04-18 04:23:41.701,95.0,False,False,2025-07-28 11:37:36.952,CANCELLED,11740.51,1.0,NETBANKING,64,M,1962
B1866,b7a33f63db7abfa1,UK178,Vistara,DEL-BLR,DEL,BLR,2026-04-17 23:41:41.703,2026-04-18 04:09:41.703,268.0,True,False,2026-01-28 11:37:36.952,CONFIRMED,4987.99,1.0,NETBANKING,4,M,2022
B1867,90e7ffb60d77d6ae,UK018,Vistara,BOM-CCU,BOM,CCU,2026-04-18 02:15:41.701,2026-04-18 04:08:41.701,113.0,False,False,2025-11-23 11:37:36.952,CONFIRMED,8158.17,1.0,NETBANKING,87,M,1939
B1868,a0eeb06c93ddf446,SJ059,SpiceJet,CCU-DEL,CCU,DEL,2026-04-18 02:50:41.701,2026-04-18 04:06:41.701,76.0,False,False,2026-04-10 11:37:36.952,CANCELLED,,,,75,F,1951
B1869,c20773f884406550,UK108,Vistara,DEL-BLR,DEL,BLR,2026-04-18 00:28:41.702,2026-04-18 03:46:41.702,198.0,False,False,2026-02-04 11:37:36.952,CONFIRMED,21553.27,2.0,NETBANKING,5,M,2021
B1870,c93c327ddaa46d2b,6F045,IndiGo,BOM-HYD,BOM,HYD,2026-04-17 23:04:41.701,2026-04-18 03:38:41.701,274.0,True,False,2025-04-25 11:37:36.952,CANCELLED,,,,88,F,1938
B1871,2a048479384d0437,AI144,Air India,MAA-BOM,MAA,BOM,2026-04-18 00:43:41.702,2026-04-18 03:36:41.702,173.0,False,False,2025-10-04 11:37:36.952,CANCELLED,,,,1,M,2025
B1872,7a23c48f837886ce,AI244,Air India,BLR-BOM,BLR,BOM,2026-04-18 02:50:41.704,2026-04-18 03:25:41.704,35.0,False,False,2025-07-09 11:37:36.952,PENDING,22975.29,3.0,NETBANKING,89,F,1937
B1873,e711b6d8ec61289a,6F265,IndiGo,DEL-HYD,DEL,HYD,2026-04-18 02:27:41.703,2026-04-18 03:24:41.703,57.0,False,False,2025-04-25 11:37:36.952,CONFIRMED,32289.57,3.0,CARD,5,M,2021
B1874,429b841f2efe6d7b,6F108,IndiGo,DEL-HYD,DEL,HYD,2026-04-17 23:41:41.702,2026-04-18 03:23:41.702,222.0,True,False,2026-01-26 11:37:36.952,CONFIRMED,24444.489999999998,3.0,NETBANKING,50,M,1976
B1875,83bb439c2ec73365,6F069,IndiGo,MAA-BLR,MAA,BLR,2026-04-17 23:44:41.701,2026-04-18 03:17:41.701,213.0,True,False,2025-06-17 11:37:36.952,PENDING,8158.17,1.0,NETBANKING,60,M,1966
B1876,1525f39a0c47cd5a,6F072,IndiGo,BLR-CCU,BLR,CCU,2026-04-18 02:14:41.702,2026-04-18 03:11:41.702,57.0,False,False,2025-06-14 11:37:36.952,CANCELLED,11290.32,1.0,NETBANKING,11,F,2015
B1877,5ffe99c9aaff6c9d,6F096,IndiGo,MAA-BLR,MAA,BLR,2026-04-17 22:45:41.702,2026-04-18 02:58:41.702,253.0,True,False,2025-11-09 11:37:36.952,CONFIRMED,,,,33,F,1993
B1878,f3c74c9e9dce16fa,SJ233,SpiceJet,DEL-HYD,DEL,HYD,2026-04-18 01:18:41.704,2026-04-18 02:56:41.704,98.0,False,False,2025-12-31 11:37:36.952,PENDING,14778.71,1.0,CARD,70,M,1956
B1879,b4f0653d398696d0,AI203,Air India,BOM-CCU,BOM,CCU,2026-04-18 00:09:41.703,2026-04-18 02:56:41.703,167.0,False,False,2025-12-03 11:37:36.952,PENDING,4682.98,1.0,UPI,55,F,1971
B1880,7744720fdeeb2cb3,UK147,Vistara,CCU-DEL,CCU,DEL,2026-04-17 23:35:41.703,2026-04-18 02:55:41.703,200.0,True,False,2026-03-08 11:37:36.952,CONFIRMED,11737.0,1.0,UPI,68,F,1958
B1881,0adf2ae033ad843e,UK039,Vistara,HYD-BOM,HYD,BOM,2026-04-18 01:40:41.701,2026-04-18 02:53:41.701,73.0,False,False,2025-08-26 11:37:36.952,PENDING,,,,70,M,1956
B1882,92a27e1364adb373,6F216,IndiGo,BLR-DEL,BLR,DEL,2026-04-17 21:58:41.704,2026-04-18 02:51:41.704,293.0,True,False,2025-10-17 11:37:36.952,CANCELLED,,,,1,F,2025
B1883,20e0967fbda5ac9a,AI214,Air India,CCU-DEL,CCU,DEL,2026-04-17 22:23:41.703,2026-04-18 02:49:41.703,266.0,True,False,2025-11-17 11:37:36.952,PENDING,7691.33,2.0,CARD,35,M,1991
B1884,5b2bd44efe594ba4,UK025,Vistara,DEL-BOM,DEL,BOM,2026-04-17 22:55:41.701,2026-04-18 02:47:41.701,232.0,True,False,2025-08-31 11:37:36.952,CANCELLED,,,,35,M,1991
B1885,0d95bd7a5dc21694,UK053,Vistara,BLR-BOM,BLR,BOM,2026-04-17 23:56:41.701,2026-04-18 02:46:41.701,170.0,True,False,2025-08-10 11:37:36.952,CANCELLED,9992.33,1.0,NETBANKING,6,M,2020
B1886,151ce0ab2a010fa7,6F130,IndiGo,DEL-HYD,DEL,HYD,2026-04-18 01:27:41.702,2026-04-18 02:45:41.702,78.0,False,False,2026-02-12 11:37:36.952,UNKNOWN,,,,27,M,1999
B1887,085a78fdb757c595,6F247,IndiGo,DEL-HYD,DEL,HYD,2026-04-18 01:27:41.702,2026-04-18 02:45:41.702,78.0,False,False,2026-03-09 11:37:36.952,PENDING,9312.51,1.0,UPI,4,F,2022
B1888,284027bb6d7290ea,6F159,IndiGo,CCU-BOM,CCU,BOM,2026-04-18 02:08:41.703,2026-04-18 02:43:41.703,35.0,False,False,2025-12-25 11:37:36.952,CANCELLED,14913.74,2.0,CARD,12,M,2014
B1889,293bb2a31c8464f2,UK086,Vistara,CCU-BLR,CCU,BLR,2026-04-17 23:55:41.702,2026-04-18 02:27:41.702,152.0,True,False,2026-02-24 11:37:36.952,CANCELLED,,,,45,M,1981
B1890,3f035fd87f20a556,6F102,IndiGo,HYD-MAA,HYD,MAA,2026-04-18 01:10:41.702,2026-04-18 02:24:41.702,74.0,False,False,2025-08-30 11:37:36.952,PENDING,13732.45,1.0,UPI,26,F,2000
B1891,2c002231a50a5623,UK186,Vistara,BOM-BLR,BOM,BLR,2026-04-17 23:05:41.703,2026-04-18 02:22:41.703,197.0,True,False,2026-01-26 11:37:36.952,CANCELLED,4194.57,2.0,UPI,36,F,1990
B1892,648b0b30845ad6a2,6F032,IndiGo,DEL-BOM,DEL,BOM,2026-04-17 23:43:41.701,2026-04-18 02:22:41.701,159.0,True,False,2025-08-24 11:37:36.952,PENDING,,,,38,F,1988
B1893,34bd581d7f231009,6F186,IndiGo,HYD-BOM,HYD,BOM,2026-04-17 21:48:41.703,2026-04-18 02:02:41.703,254.0,True,False,2025-08-02 11:37:36.952,CONFIRMED,,,,69,M,1957
B1894,21678d2fff02aa03,6F106,IndiGo,BOM-CCU,BOM,CCU,2026-04-18 00:10:41.702,2026-04-18 01:52:41.702,102.0,False,False,2026-02-24 11:37:36.952,CANCELLED,,,,11,M,2015
B1895,d1b0ea56c30e5485,AI021,Air India,DEL-HYD,DEL,HYD,2026-04-17 21:39:41.701,2026-04-18 01:38:41.701,239.0,True,False,2025-10-05 11:37:36.952,CANCELLED,54031.62,5.0,NETBANKING,50,F,1976
B1896,74116e4a759b2f3a,AI157,Air India,BLR-CCU,BLR,CCU,2026-04-17 22:45:41.703,2026-04-18 01:33:41.703,168.0,True,False,2025-11-30 11:37:36.952,PENDING,8025.265,1.0,CARD,1,F,2025
B1897,c6e06c71cb5e67db,6F054,IndiGo,HYD-BLR,HYD,BLR,2026-04-17 22:00:41.701,2026-04-18 01:25:41.701,205.0,True,False,2025-11-01 11:37:36.952,PENDING,16995.309999999998,2.0,NETBANKING,89,F,1937
B1898,cca60e64cfe1596e,AI187,Air India,BLR-HYD,BLR,HYD,2026-04-17 23:32:41.703,2026-04-18 01:16:41.703,104.0,True,False,2025-10-03 11:37:36.952,PENDING,5718.04,1.0,CARD,9,F,2017
B1899,fdeab9eefcc5624d,SJ124,SpiceJet,HYD-DEL,HYD,DEL,2026-04-17 21:05:41.702,2026-04-18 01:12:41.702,247.0,True,False,2025-09-28 11:37:36.952,PENDING,3146.15,1.0,UPI,10,M,2016
B1900,42c46d7cf18e0e31,SJ223,SpiceJet,HYD-MAA,HYD,MAA,2026-04-17 23:54:41.703,2026-04-18 01:08:41.703,74.0,True,False,2025-10-06 11:37:36.952,CANCELLED,1212.98,1.0,UPI,9,M,2017
B1901,99e4ff52b602e586,UK103,Vistara,MAA-DEL,MAA,DEL,2026-04-17 21:52:41.702,2026-04-18 01:06:41.702,194.0,True,False,2025-04-25 11:37:36.952,CONFIRMED,10787.49,1.0,CARD,3,M,2023
B1902,62bce01a62243ff2,SJ157,SpiceJet,DEL-HYD,DEL,HYD,2026-04-17 22:11:41.703,2026-04-18 01:05:41.703,174.0,True,False,2026-02-08 11:37:36.952,CONFIRMED,,,,46,F,1980
B1903,389e8dea3b711e3f,6F242,IndiGo,BLR-MAA,BLR,MAA,2026-04-17 21:10:41.704,2026-04-18 01:04:41.704,234.0,True,False,2025-11-06 11:37:36.952,CONFIRMED,,,,73,M,1953
B1904,141193fd9f952474,UK213,Vistara,BOM-CCU,BOM,CCU,2026-04-17 23:21:41.704,2026-04-18 01:01:41.704,100.0,True,False,2025-07-01 11:37:36.952,CONFIRMED,5769.34,1.0,NETBANKING,5,M,2021
B1905,73c28503fc8e9872,SJ120,SpiceJet,MAA-BLR,MAA,BLR,2026-04-17 21:19:41.702,2026-04-18 00:56:41.702,217.0,True,False,2026-02-13 11:37:36.952,PENDING,,,,69,F,1957
B1906,05d53517ed0243b1,AI035,Air India,DEL-MAA,DEL,MAA,2026-04-17 23:17:41.701,2026-04-18 00:48:41.701,91.0,True,False,2025-08-11 11:37:36.952,CANCELLED,11037.65,1.0,UPI,20,F,2006
B1907,3d09edc600a88d57,6F147,IndiGo,HYD-MAA,HYD,MAA,2026-04-17 19:57:41.703,2026-04-18 00:31:41.703,274.0,True,False,2026-01-14 11:37:36.952,CANCELLED,5451.44,1.0,CARD,22,M,2004
B1908,9229ac012ebab1d2,SJ229,SpiceJet,CCU-DEL,CCU,DEL,2026-04-17 22:25:41.704,2026-04-18 00:27:41.704,122.0,True,False,2025-08-09 11:37:36.952,CANCELLED,10746.849999999999,2.0,CARD,33,M,1993
B1909,a3c6d0518060dd14,AI230,Air India,CCU-BLR,CCU,BLR,2026-04-17 20:37:41.704,2026-04-18 00:22:41.704,225.0,True,False,2025-11-14 11:37:36.952,PENDING,,,,6,M,2020
B1910,daf47756474ecbb4,UK162,Vistara,BOM-CCU,BOM,CCU,2026-04-17 22:47:41.703,2026-04-18 00:21:41.703,94.0,True,False,2025-06-10 11:37:36.952,CANCELLED,21554.05,2.0,CARD,89,F,1937
B1911,5e4f2dbde13fd621,AI066,Air India,HYD-MAA,HYD,MAA,2026-04-17 21:51:41.701,2026-04-18 00:11:41.701,140.0,True,False,2025-05-29 11:37:36.952,PENDING,,,,62,M,1964
B1912,a9c5bd17eacf4d0c,6F205,IndiGo,HYD-BOM,HYD,BOM,2026-04-17 22:16:41.703,2026-04-18 00:02:41.703,106.0,True,False,2025-09-09 11:37:36.952,CANCELLED,6279.57,1.0,NETBANKING,53,M,1973
B1913,653a305b31078855,AI124,Air India,CCU-HYD,CCU,HYD,2026-04-17 20:28:41.702,2026-04-18 00:00:41.702,212.0,True,False,2025-05-24 11:37:36.952,CONFIRMED,15295.38,2.0,CARD,34,M,1992
B1914,1d5c9f643fd2cf09,UK114,Vistara,HYD-CCU,HYD,CCU,2026-04-17 22:10:41.702,2026-04-17 23:58:41.702,108.0,False,False,2025-10-19 11:37:36.952,PENDING,5079.38,1.0,NETBANKING,29,F,1997
B1915,041949d825b0c5e5,AI231,Air India,DEL-HYD,DEL,HYD,2026-04-17 21:52:41.704,2026-04-17 23:51:41.704,119.0,False,False,2025-06-03 11:37:36.952,CANCELLED,1162.01,1.0,CARD,20,F,2006
B1916,bc1b9d7109cc8686,AI113,Air India,CCU-HYD,CCU,HYD,2026-04-17 21:21:41.702,2026-04-17 23:51:41.702,150.0,False,False,2025-10-30 11:37:36.952,CONFIRMED,3156.86,1.0,CARD,52,M,1974
B1917,20e0967fbda5ac9a,UK180,Vistara,CCU-MAA,CCU,MAA,2026-04-17 21:18:41.703,2026-04-17 23:29:41.703,131.0,False,False,2025-08-03 11:37:36.952,UNKNOWN,,,,35,M,1991
B1918,d92639c3f968df02,UK180,Vistara,CCU-MAA,CCU,MAA,2026-04-17 21:18:41.703,2026-04-17 23:29:41.703,131.0,False,False,2025-10-07 11:37:36.952,CONFIRMED,4095.5699999999997,2.0,NETBANKING,69,M,1957
B1919,aed5b0d8f7266f14,6F080,IndiGo,HYD-MAA,HYD,MAA,2026-04-17 19:47:41.702,2026-04-17 23:13:41.702,206.0,False,False,2026-03-17 11:37:36.952,PENDING,,,,62,F,1964
B1920,e11be5ec232c7cd9,SJ095,SpiceJet,DEL-MAA,DEL,MAA,2026-04-17 20:09:41.702,2026-04-17 23:13:41.702,184.0,False,False,2025-05-11 11:37:36.952,PENDING,,,,32,M,1994
B1921,eef2bd365af8c5c7,SJ115,SpiceJet,BOM-HYD,BOM,HYD,2026-04-17 21:05:41.702,2026-04-17 23:10:41.702,125.0,False,False,2025-04-24 11:37:36.952,CANCELLED,9627.04,1.0,CARD,33,F,1993
B1922,afecb8a410046ce8,AI142,Air India,BOM-DEL,BOM,DEL,2026-04-17 20:49:41.702,2026-04-17 23:03:41.702,134.0,False,False,2025-05-14 11:37:36.952,CONFIRMED,19566.92,2.0,CARD,12,F,2014
B1923,4321cc60b896c26f,UK169,Vistara,HYD-DEL,HYD,DEL,2026-04-17 18:12:41.703,2026-04-17 23:01:41.703,289.0,False,False,2025-11-28 11:37:36.952,CANCELLED,16191.09,2.0,UPI,72,F,1954
B1924,a3c6d0518060dd14,SJ041,SpiceJet,CCU-HYD,CCU,HYD,2026-04-17 18:24:41.701,2026-04-17 22:59:41.701,275.0,False,False,2025-05-04 11:37:36.952,CANCELLED,4739.01,1.0,CARD,6,M,2020
B1925,ed24ab50851f6984,UK171,Vistara,HYD-CCU,HYD,CCU,2026-04-17 19:59:41.703,2026-04-17 22:53:41.703,174.0,False,False,2025-04-20 11:37:36.952,CONFIRMED,29535.22,3.0,UPI,59,M,1967
B1926,5dcaa87bf287e0ca,AI081,Air India,CCU-BOM,CCU,BOM,2026-04-17 21:03:41.702,2026-04-17 22:51:41.702,108.0,False,False,2025-11-27 11:37:36.952,CANCELLED,,,,9,F,2017
B1927,9381ee99f78ad9ba,AI162,Air India,MAA-DEL,MAA,DEL,2026-04-17 19:20:41.703,2026-04-17 22:40:41.703,200.0,False,False,2026-01-28 11:37:36.952,PENDING,,,,4,M,2022
B1928,e33bf35a14e624c9,SJ037,SpiceJet,BLR-BOM,BLR,BOM,2026-04-17 19:14:41.701,2026-04-17 22:31:41.701,197.0,False,False,2026-01-23 11:37:36.952,CANCELLED,6983.66,1.0,NETBANKING,29,M,1997
B1929,5c6e364a9f9cd903,SJ037,SpiceJet,BLR-BOM,BLR,BOM,2026-04-17 19:14:41.701,2026-04-17 22:31:41.701,197.0,False,False,2025-11-05 11:37:36.952,CONFIRMED,,,,8,F,2018
B1930,4d7b9e90f4a03979,UK080,Vistara,BLR-MAA,BLR,MAA,2026-04-17 21:09:41.702,2026-04-17 22:29:41.702,80.0,False,False,2025-12-16 11:37:36.952,PENDING,9349.460000000001,2.0,CARD,76,F,1950
B1931,26fb44657fe9e4f4,SJ031,SpiceJet,DEL-BOM,DEL,BOM,2026-04-17 21:20:41.701,2026-04-17 22:29:41.701,69.0,False,False,2025-09-26 11:37:36.952,PENDING,10011.51,1.0,CARD,8,M,2018
B1932,deb206a3806b4090,AI199,Air India,HYD-DEL,HYD,DEL,2026-04-17 18:47:41.703,2026-04-17 22:26:41.703,219.0,False,False,2025-12-28 11:37:36.952,CANCELLED,16359.95,2.0,UPI,55,M,1971
B1933,6315b5e8de7a2763,6F082,IndiGo,BOM-BLR,BOM,BLR,2026-04-17 20:26:41.702,2026-04-17 22:26:41.702,120.0,False,False,2025-05-28 11:37:36.952,CANCELLED,,,,58,M,1968
B1934,ea6bd372c44688eb,UK217,Vistara,MAA-CCU,MAA,CCU,2026-04-17 21:19:41.704,2026-04-17 22:14:41.704,55.0,False,False,2026-04-12 11:37:36.952,PENDING,10978.81,1.0,UPI,17,F,2009
B1935,4da38db683ea482a,UK014,Vistara,HYD-MAA,HYD,MAA,2026-04-17 20:41:41.701,2026-04-17 22:06:41.701,85.0,False,False,2026-04-13 11:37:36.952,CANCELLED,,,,58,M,1968
B1936,49a02014f9864c49,SJ180,SpiceJet,HYD-CCU,HYD,CCU,2026-04-17 17:12:41.703,2026-04-17 22:00:41.703,288.0,False,False,2026-01-11 11:37:36.952,CONFIRMED,11286.73,2.0,UPI,79,F,1947
B1937,7744720fdeeb2cb3,6F268,IndiGo,DEL-MAA,DEL,MAA,2026-04-17 20:29:41.701,2026-04-17 21:58:41.701,89.0,False,False,2026-02-19 11:37:36.952,CANCELLED,6825.66,1.0,CARD,68,F,1958
B1938,2f9805d05712092c,UK205,Vistara,HYD-MAA,HYD,MAA,2026-04-17 18:57:41.703,2026-04-17 21:46:41.703,169.0,False,False,2026-04-07 11:37:36.952,CANCELLED,12242.79,1.0,UPI,21,M,2005
B1939,2ec36fc44120b942,SJ212,SpiceJet,MAA-BLR,MAA,BLR,2026-04-17 19:49:41.703,2026-04-17 21:44:41.703,115.0,False,False,2025-07-22 11:37:36.952,PENDING,41153.630000000005,4.0,UPI,67,F,1959
B1940,1552a1f5a046b0ee,UK052,Vistara,BLR-CCU,BLR,CCU,2026-04-17 20:48:41.701,2026-04-17 21:40:41.701,52.0,False,False,2025-06-25 11:37:36.952,CANCELLED,18574.85,2.0,NETBANKING,6,F,2020
B1941,de4057e09e485536,UK230,Vistara,BLR-BOM,BLR,BOM,2026-04-17 20:02:41.704,2026-04-17 21:35:41.704,93.0,False,False,2025-06-13 11:37:36.952,CANCELLED,1551.73,1.0,CARD,66,F,1960
B1942,ea10b3b69985b9a3,AI145,Air India,DEL-BOM,DEL,BOM,2026-04-17 17:06:41.702,2026-04-17 21:31:41.702,265.0,False,False,2025-07-18 11:37:36.952,CANCELLED,1755.58,1.0,UPI,62,F,1964
B1943,69a4e34dcb7cb71d,SJ035,SpiceJet,CCU-DEL,CCU,DEL,2026-04-17 20:15:41.701,2026-04-17 21:15:42.000,60.004983333333335,False,False,2026-03-13 11:37:36.952,CONFIRMED,14420.98,2.0,UPI,67,M,1959
B1944,c4f284325afaa282,SJ184,SpiceJet,CCU-DEL,CCU,DEL,2026-04-17 16:32:41.703,2026-04-17 21:00:41.703,268.0,False,False,2025-07-20 11:37:36.952,CANCELLED,12698.08,2.0,NETBANKING,27,M,1999
B1945,fca0869df7a31e57,6F207,IndiGo,BOM-HYD,BOM,HYD,2026-04-17 16:59:41.703,2026-04-17 21:00:41.703,241.0,False,False,2025-11-03 11:37:36.952,CONFIRMED,,,,36,F,1990
B1946,0bbb5474e2bb34c6,UK144,Vistara,BOM-CCU,BOM,CCU,2026-04-17 18:07:41.703,2026-04-17 20:59:41.703,172.0,False,False,2026-03-30 11:37:36.952,CONFIRMED,11196.94,1.0,UPI,59,F,1967
B1947,86e5ffe84a3a0958,AI126,Air India,MAA-HYD,MAA,HYD,2026-04-17 17:26:41.702,2026-04-17 20:48:41.702,202.0,False,False,2025-10-22 11:37:36.952,CONFIRMED,2186.2,1.0,NETBANKING,35,M,1991
B1948,94f01d9ac88fa3ea,SJ145,SpiceJet,BLR-HYD,BLR,HYD,2026-04-17 17:41:41.702,2026-04-17 20:38:41.702,177.0,False,False,2025-05-19 11:37:36.952,CONFIRMED,14449.69,2.0,NETBANKING,78,M,1948
B1949,6034daab8b457461,6F040,IndiGo,HYD-CCU,HYD,CCU,2026-04-17 15:52:41.701,2026-04-17 20:33:41.701,281.0,False,False,2025-05-16 11:37:36.952,PENDING,14360.11,2.0,CARD,75,M,1951
B1950,5e4f2dbde13fd621,UK049,Vistara,HYD-BOM,HYD,BOM,2026-04-17 19:47:41.701,2026-04-17 20:32:41.701,45.0,False,False,2025-06-15 11:37:36.952,CONFIRMED,,,,62,M,1964
B1951,d7e510794335656d,UK049,Vistara,HYD-BOM,HYD,BOM,2026-04-17 19:47:41.701,2026-04-17 20:32:41.701,45.0,False,False,2026-03-18 11:37:36.952,CANCELLED,12831.14,1.0,NETBANKING,40,M,1986
B1952,93bf77fb692d3990,AI087,Air India,MAA-DEL,MAA,DEL,2026-04-17 16:32:41.702,2026-04-17 20:30:41.702,238.0,False,False,2025-10-18 11:37:36.952,CONFIRMED,10237.24,1.0,NETBANKING,85,M,1941
B1953,bb15a7a8c8717707,AI152,Air India,BLR-CCU,BLR,CCU,2026-04-17 19:21:41.703,2026-04-17 20:26:41.703,65.0,False,False,2025-05-24 11:37:36.952,CANCELLED,12741.76,1.0,CARD,80,F,1946
B1954,0517cb3b265f8002,SJ240,SpiceJet,BOM-HYD,BOM,HYD,2026-04-17 16:42:41.704,2026-04-17 20:21:41.704,219.0,False,False,2025-11-06 11:37:36.952,CONFIRMED,14524.79,1.0,NETBANKING,19,M,2007
B1955,0e2de6bc51eba844,AI212,Air India,DEL-CCU,DEL,CCU,2026-04-17 15:31:41.703,2026-04-17 20:13:41.703,282.0,False,False,2025-09-14 11:37:36.952,PENDING,,,,53,F,1973
B1956,8e21ee538ed76dbe,AI064,Air India,BLR-MAA,BLR,MAA,2026-04-17 18:24:41.701,2026-04-17 20:07:41.701,103.0,False,False,2025-09-21 11:37:36.952,CONFIRMED,,,,86,F,1940
B1957,59c57de4a21771c5,6F093,IndiGo,CCU-DEL,CCU,DEL,2026-04-17 16:09:41.702,2026-04-17 20:00:41.702,231.0,False,False,2025-06-07 11:37:36.952,CONFIRMED,4851.79,1.0,CARD,68,F,1958
B1958,fe7871cc383304e4,AI118,Air India,HYD-MAA,HYD,MAA,2026-04-17 17:50:41.702,2026-04-17 19:59:41.702,129.0,False,False,2025-04-28 11:37:36.952,PENDING,2727.84,2.0,NETBANKING,67,M,1959
B1959,2746c1df1b10780a,AI172,Air India,BOM-CCU,BOM,CCU,2026-04-17 19:08:41.703,2026-04-17 19:53:41.703,45.0,False,False,2025-12-19 11:37:36.952,CONFIRMED,17094.079999999998,2.0,NETBANKING,24,M,2002
B1960,cfa00f444f6f6e42,6F183,IndiGo,MAA-HYD,MAA,HYD,2026-04-17 17:08:41.703,2026-04-17 19:52:41.703,164.0,False,False,2026-01-30 11:37:36.952,CANCELLED,14657.97,1.0,CARD,53,F,1973
B1961,0bf1d47ecdbd7a19,6F200,IndiGo,HYD-DEL,HYD,DEL,2026-04-17 14:54:41.703,2026-04-17 19:41:41.703,287.0,False,False,2025-07-15 11:37:36.952,CONFIRMED,,,,61,F,1965
B1962,38cb3009474acfa5,SJ077,SpiceJet,BLR-MAA,BLR,MAA,2026-04-17 17:32:41.701,2026-04-17 19:40:41.701,128.0,False,False,2025-12-23 11:37:36.952,CONFIRMED,30993.239999999998,4.0,UPI,69,F,1957
B1963,5c6e364a9f9cd903,UK030,Vistara,CCU-DEL,CCU,DEL,2026-04-17 15:11:41.701,2026-04-17 19:38:41.701,267.0,False,False,2026-02-24 11:37:36.952,CONFIRMED,,,,8,F,2018
B1964,20ee5e3187a4a64c,SJ232,SpiceJet,MAA-BLR,MAA,BLR,2026-04-17 15:02:41.704,2026-04-17 19:22:41.704,260.0,False,False,2025-05-21 11:37:36.952,PENDING,,,,39,F,1987
B1965,1fb5d6f01f46827d,6F090,IndiGo,HYD-BLR,HYD,BLR,2026-04-17 15:10:41.702,2026-04-17 19:22:41.702,252.0,False,False,2026-01-29 11:37:36.952,CONFIRMED,,,,71,F,1955
B1966,65e4d0fe8143a55a,UK002,Vistara,CCU-MAA,CCU,MAA,2026-04-17 14:28:41.700,2026-04-17 19:20:41.700,292.0,False,False,2025-11-06 11:37:36.952,CONFIRMED,34300.32,3.0,CARD,26,M,2000
B1967,615b7cd79419da91,AI154,Air India,HYD-MAA,HYD,MAA,2026-04-17 15:25:41.703,2026-04-17 19:16:41.703,231.0,False,False,2025-07-03 11:37:36.952,CANCELLED,12518.31,1.0,CARD,39,M,1987
B1968,11a634da6cea41d8,6F089,IndiGo,DEL-HYD,DEL,HYD,2026-04-17 17:06:41.702,2026-04-17 19:10:41.702,124.0,False,False,2025-10-11 11:37:36.952,CONFIRMED,14600.78,1.0,NETBANKING,68,F,1958
B1969,470917f1bdc3a9e6,6F218,IndiGo,BLR-BOM,BLR,BOM,2026-04-17 15:16:41.704,2026-04-17 19:03:41.704,227.0,False,False,2026-04-08 11:37:36.952,CONFIRMED,13598.0,1.0,UPI,15,F,2011
B1970,06038f70d3e3718a,6F241,IndiGo,DEL-HYD,DEL,HYD,2026-04-17 18:27:41.704,2026-04-17 19:02:41.704,35.0,False,False,2025-11-26 11:37:36.952,CONFIRMED,4558.49,1.0,NETBANKING,62,M,1964
B1971,a32f9d55397bdaac,6F116,IndiGo,MAA-CCU,MAA,CCU,2026-04-17 16:43:41.702,2026-04-17 19:02:41.702,139.0,False,False,2025-08-20 11:37:36.952,CONFIRMED,,,,19,M,2007
B1972,5ffe99c9aaff6c9d,UK199,Vistara,BOM-CCU,BOM,CCU,2026-04-17 15:24:41.703,2026-04-17 18:55:41.703,211.0,False,False,2025-04-18 11:37:36.952,CANCELLED,5458.57,1.0,UPI,33,F,1993
B1973,e8f6736196462ddf,SJ033,SpiceJet,HYD-DEL,HYD,DEL,2026-04-17 17:26:41.701,2026-04-17 18:51:41.701,85.0,False,False,2025-04-28 11:37:36.952,CANCELLED,,,,77,F,1949
B1974,123257234775cf74,AI210,Air India,BLR-BOM,BLR,BOM,2026-04-17 16:13:41.703,2026-04-17 18:50:41.703,157.0,False,False,2025-08-03 11:37:36.952,PENDING,,,,82,F,1944
B1975,73c28503fc8e9872,UK148,Vistara,HYD-BOM,HYD,BOM,2026-04-17 16:31:41.703,2026-04-17 18:43:41.703,132.0,False,False,2025-08-26 11:37:36.952,UNKNOWN,7791.01,1.0,CARD,69,F,1957
B1976,7d7e17eef95a38c0,AI229,Air India,HYD-MAA,HYD,MAA,2026-04-17 16:48:41.703,2026-04-17 18:40:41.703,112.0,False,False,2025-08-27 11:37:36.952,PENDING,8576.26,1.0,NETBANKING,28,F,1998
B1977,bb12f5496a2c544c,UK005,Vistara,BOM-MAA,BOM,MAA,2026-04-17 14:02:41.701,2026-04-17 18:14:41.701,252.0,False,False,2026-01-01 11:37:36.952,PENDING,,,,61,F,1965
B1978,6dc9c3ddcedda8d2,SJ080,SpiceJet,CCU-MAA,CCU,MAA,2026-04-17 16:04:41.702,2026-04-17 17:59:41.702,115.0,False,False,2025-12-07 11:37:36.952,CONFIRMED,9450.85,1.0,UPI,38,F,1988
B1979,d9f88b0174af229a,SJ092,SpiceJet,BLR-MAA,BLR,MAA,2026-04-17 13:19:41.702,2026-04-17 17:56:41.702,277.0,False,False,2025-12-02 11:37:36.952,CANCELLED,,,,5,M,2021
B1980,57eb1d59f2269845,SJ055,SpiceJet,HYD-MAA,HYD,MAA,2026-04-17 14:17:41.701,2026-04-17 17:56:41.701,219.0,False,False,2025-12-04 11:37:36.952,CANCELLED,12102.14,1.0,CARD,13,F,2013
B1981,fb359ef7aaea5fda,AI239,Air India,BOM-HYD,BOM,HYD,2026-04-17 14:33:41.704,2026-04-17 17:47:41.704,194.0,False,False,2025-05-17 11:37:36.952,CONFIRMED,12166.27,2.0,UPI,65,F,1961
B1982,9fb5f23aa8f77b5b,6F162,IndiGo,CCU-BOM,CCU,BOM,2026-04-17 14:50:41.703,2026-04-17 17:44:41.703,174.0,False,False,2025-06-17 11:37:36.952,UNKNOWN,,,,62,F,1964
B1983,994d28e3ad8e268d,UK101,Vistara,DEL-HYD,DEL,HYD,2026-04-17 15:00:41.702,2026-04-17 17:43:41.702,163.0,False,False,2025-06-28 11:37:36.952,UNKNOWN,9117.5,1.0,CARD,24,M,2002
B1984,13a385a8bd809af4,6F198,IndiGo,HYD-BLR,HYD,BLR,2026-04-17 12:40:41.703,2026-04-17 17:39:41.703,299.0,False,False,2025-04-25 11:37:36.952,CONFIRMED,19611.190000000002,2.0,UPI,1,M,2025
B1985,f63be589c827e988,6F239,IndiGo,CCU-BOM,CCU,BOM,2026-04-17 15:24:41.704,2026-04-17 17:37:41.704,133.0,False,False,2025-09-28 11:37:36.952,CONFIRMED,,,,22,F,2004
B1986,c267a45de215860d,SJ177,SpiceJet,BOM-CCU,BOM,CCU,2026-04-17 13:04:41.703,2026-04-17 17:37:41.703,273.0,False,False,2025-10-07 11:37:36.952,CONFIRMED,,,,68,F,1958
B1987,4a578e7501a7b1c5,6F044,IndiGo,DEL-HYD,DEL,HYD,2026-04-17 13:25:41.701,2026-04-17 17:36:41.701,251.0,False,False,2026-03-12 11:37:36.952,CANCELLED,8733.92,2.0,CARD,27,M,1999
B1988,d01adcd5d4424975,6F248,IndiGo,DEL-HYD,DEL,HYD,2026-04-17 13:25:41.701,2026-04-17 17:36:41.701,251.0,False,False,2026-02-17 11:37:36.952,PENDING,13945.28,1.0,UPI,44,M,1982
B1989,d01afc7e0a4fd199,6F002,IndiGo,BLR-MAA,BLR,MAA,2026-04-17 14:11:41.700,2026-04-17 17:34:41.700,203.0,False,False,2025-12-10 11:37:36.952,UNKNOWN,,,,4,F,2022
B1990,f9c98b5faf6f5992,SJ197,SpiceJet,HYD-BLR,HYD,BLR,2026-04-17 14:49:41.703,2026-04-17 17:33:41.703,164.0,False,False,2026-03-31 11:37:36.952,CONFIRMED,22118.260000000002,3.0,NETBANKING,8,F,2018
B1991,5a152b427c66a6e0,UK091,Vistara,CCU-BOM,CCU,BOM,2026-04-17 13:37:41.702,2026-04-17 17:31:41.702,234.0,False,False,2026-01-14 11:37:36.952,CANCELLED,,,,39,M,1987
B1992,28790f8dabccc4e6,6F215,IndiGo,DEL-BLR,DEL,BLR,2026-04-17 13:00:41.703,2026-04-17 17:30:41.703,270.0,False,False,2025-04-25 11:37:36.952,CONFIRMED,14003.060000000001,3.0,UPI,56,F,1970
B1993,ecb4c3fcff1e17bf,AI093,Air India,BOM-BLR,BOM,BLR,2026-04-17 12:35:41.702,2026-04-17 17:28:41.702,293.0,False,False,2026-03-11 11:37:36.952,CANCELLED,,,,26,F,2000
B1994,7069e11eb841e22e,UK090,Vistara,HYD-MAA,HYD,MAA,2026-04-17 14:44:41.702,2026-04-17 17:24:41.702,160.0,False,False,2026-03-31 11:37:36.952,CONFIRMED,,,,26,M,2000
B1995,1a72f9e303dd1e00,SJ005,SpiceJet,DEL-MAA,DEL,MAA,2026-04-17 16:03:41.701,2026-04-17 17:24:41.701,81.0,False,False,2025-11-20 11:37:36.952,CANCELLED,,,,29,F,1997
B1996,859d50ea3e37f880,UK106,Vistara,BOM-CCU,BOM,CCU,2026-04-17 15:12:41.702,2026-04-17 17:23:41.702,131.0,False,False,2025-08-08 11:37:36.952,CANCELLED,10358.84,1.0,UPI,69,M,1957
B1997,a65c93c4dbb097af,6F223,IndiGo,MAA-BLR,MAA,BLR,2026-04-17 16:47:41.704,2026-04-17 17:21:41.704,34.0,False,False,2025-05-03 11:37:36.952,PENDING,15748.825,2.0,CARD,23,M,2003
B1998,3dd76c0d495d8bed,6F011,IndiGo,MAA-BLR,MAA,BLR,2026-04-17 15:16:41.701,2026-04-17 17:16:42.000,120.00498333333333,False,False,2025-10-23 11:37:36.952,CONFIRMED,18385.6,2.0,NETBANKING,75,M,1951
B1999,6f45da05d5f7c294,UK124,Vistara,MAA-BLR,MAA,BLR,2026-04-17 14:35:41.702,2026-04-17 17:09:41.702,154.0,False,False,2025-08-08 11:37:36.952,UNKNOWN,2806.06,1.0,NETBANKING,17,F,2009
